77280,-0.153,-0.163,4.069,-0.92,1.04,-0.06,107293,75626,24.1,100.0,1
77400,-0.161,-0.165,4.088,-0.43,4.15,0.00,107365,75694,24.1,100.0,1
77520,-0.194,-0.163,4.058,0.61,4.03,0.12,107418,75717,24.1,100.0,1
77641,-0.213,-0.145,4.068,-1.77,0.00,0.00,107197,75627,24.1,100.0,1
77761,-0.229,-0.176,4.032,-1.46,3.97,-0.18,107046,75582,24.1,100.0,1
77881,-0.227,-0.204,4.036,-1.89,0.55,-0.92,107055,75592,24.1,100.0,1
78001,-0.223,-0.224,4.064,-1.53,-0.43,-2.20,107078,75638,24.1,100.0,1
78121,-0.260,-0.274,4.053,0.98,-1.46,-1.59,107093,75637,24.1,100.0,1
78242,-0.179,-0.281,4.093,1.71,-6.10,0.73,107076,75600,24.1,100.0,1
78362,-0.170,-0.167,4.078,2.56,-7.26,2.56,106825,75499,24.1,100.0,1
78482,-0.066,-0.213,4.069,-1.46,-0.12,1.65,106747,75547,24.1,100.0,1
78602,-0.103,-0.222,4.068,0.67,-0.43,-0.98,106749,75551,24.1,100.0,1
78723,-0.128,-0.200,4.063,0.18,-1.40,-0.55,106747,75542,24.1,100.0,1
78843,-0.063,-0.201,4.087,0.67,-2.20,-0.37,106776,75530,24.1,100.0,1
78963,-0.054,-0.189,4.079,0.73,1.46,-0.24,106772,75525,24.1,100.0,1
79083,-0.030,-0.179,4.049,1.22,-8.54,1.46,106590,75534,24.1,100.0,1
79204,-0.016,-0.164,4.082,1.04,-0.37,0.55,106551,75514,24.1,100.0,1
79324,0.023,-0.128,4.090,-0.85,3.23,-0.18,106553,75496,24.1,100.0,1
79444,-0.042,-0.225,4.021,0.61,-0.37,1.16,106625,75531,24.1,100.0,1
79564,-0.036,-0.192,4.091,1.65,5.43,0.49,106770,75597,24.1,100.0,1
79684,-0.044,-0.218,4.060,2.75,3.60,0.67,106653,75554,24.1,100.0,1
79805,-0.136,-0.145,4.066,1.28,8.67,0.73,106502,75495,24.1,100.0,1
79925,-0.177,-0.130,4.079,0.55,1.77,1.16,106501,75493,24.1,100.0,1
80045,-0.194,-0.140,4.045,1.10,1.34,-0.31,106565,75537,24.1,100.0,1
80165,-0.158,-0.138,4.089,0.61,-0.18,0.31,106618,75576,24.1,100.0,1
80286,-0.176,-0.113,4.027,-0.73,-0.67,-0.12,106674,75569,24.1,100.0,1
80406,-0.191,-0.138,4.065,1.40,-0.43,-0.31,106513,75481,24.1,100.0,1
80526,-0.151,-0.130,4.077,0.85,-1.83,-0.18,106438,75478,24.1,100.0,1
80646,-0.141,-0.121,4.080,-0.06,-1.89,-0.43,106518,75555,24.1,100.0,1
80767,-0.120,-0.131,4.070,-0.24,-2.01,-0.24,106530,75540,24.1,100.0,1
80887,-0.100,-0.119,4.082,0.49,-1.28,-0.31,106607,75558,24.1,100.0,1
81007,-0.144,-0.125,4.027,0.31,2.14,-0.24,106710,75580,24.1,100.0,1
81127,-0.126,-0.122,4.081,-0.12,-0.24,-0.49,106608,75579,24.1,100.0,1
81247,-0.109,-0.130,4.051,0.79,1.53,-0.49,106565,75596,24.1,100.0,1
81368,-0.111,-0.124,4.073,0.12,0.18,0.37,106604,75581,24.1,100.0,1
81488,-0.127,-0.122,4.064,0.31,0.73,0.24,106692,75578,24.1,100.0,1
81608,-0.126,-0.136,4.068,0.49,1.28,0.43,106835,75671,24.1,100.0,1
81728,-0.158,-0.113,4.035,0.73,4.82,0.43,106940,75694,24.1,100.0,1
81849,-0.170,-0.118,4.078,0.18,1.59,0.43,106844,75645,24.1,100.0,1
81969,-0.161,-0.118,4.049,0.43,3.11,0.37,106801,75619,24.1,100.0,1
82089,-0.188,-0.123,4.060,0.31,1.95,0.49,106932,75671,24.1,100.0,1
82209,-0.209,-0.123,4.061,0.06,2.32,0.49,107029,75740,24.1,100.0,1
82330,-0.230,-0.122,4.074,0.18,1.59,0.24,107090,75730,24.1,100.0,1
82450,-0.229,-0.120,4.043,0.43,0.67,0.18,107151,75724,24.1,100.0,1
82570,-0.216,-0.125,4.070,0.00,-3.60,-0.18,107039,75679,24.1,100.0,1
82690,-0.178,-0.130,4.037,0.12,-0.79,-0.18,107093,75726,24.1,100.0,1
82810,-0.157,-0.133,4.084,0.31,-2.38,-0.37,107114,75724,24.1,100.0,1
82931,-0.149,-0.130,4.068,0.06,-1.40,-0.67,107137,75718,24.1,100.0,1
83051,-0.136,-0.134,4.059,0.18,-1.22,-0.43,107184,75698,24.1,100.0,1
83171,-0.139,-0.130,4.097,0.31,0.37,-0.67,107304,75729,24.1,100.0,1
83291,-0.143,-0.126,4.087,-0.06,-1.46,-0.79,107162,75735,24.1,100.0,1
83412,-0.133,-0.142,4.056,0.31,-0.12,-0.43,107127,75702,24.1,100.0,1
83532,-0.104,-0.130,4.069,0.31,-0.18,0.00,107144,75680,24.1,100.0,1
83652,-0.109,-0.132,4.074,0.37,0.24,-0.31,107203,75698,24.1,100.0,1
83772,-0.116,-0.136,4.078,0.12,-0.06,-0.06,107296,75747,24.1,100.0,1
83892,-0.128,-0.136,4.094,0.73,2.26,-0.24,107369,75759,24.1,100.0,1
84013,-0.141,-0.116,4.081,0.12,0.61,-0.06,107178,75667,24.1,100.0,1
84133,-0.130,-0.128,4.063,0.43,1.40,0.18,107102,75635,24.1,100.0,1
84253,-0.144,-0.116,4.065,0.79,2.32,0.43,107180,75682,24.1,100.0,1
84373,-0.156,-0.130,4.081,-0.18,1.28,0.49,107206,75702,24.1,100.0,1
84494,-0.157,-0.099,4.068,0.61,2.26,0.43,107227,75686,24.1,100.0,1
84614,-0.169,-0.104,4.099,0.85,4.15,0.43,107226,75643,24.1,100.0,1
84734,-0.215,-0.103,4.071,-0.12,0.31,0.31,107073,75603,24.1,100.0,1
84854,-0.217,-0.114,4.080,-0.12,-0.49,0.06,107087,75660,24.1,100.0,1
84974,-0.219,-0.118,4.058,-0.61,-1.95,-0.37,107044,75632,24.1,100.0,1
85095,-0.188,-0.115,4.039,0.18,0.06,0.00,107019,75606,24.1,100.0,1
85215,-0.185,-0.135,4.067,-0.85,-2.38,-0.31,107074,75595,24.1,100.0,1
85335,-0.157,-0.114,4.076,0.12,-1.83,-0.61,106989,75594,24.1,100.0,1
85455,-0.153,-0.120,4.057,-0.67,-1.22,-0.49,106808,75553,24.1,100.0,1
85576,-0.133,-0.119,4.099,-0.49,-2.01,-0.43,106762,75543,24.1,100.0,1
85696,-0.132,-0.124,4.073,0.06,-0.61,-0.37,106733,75530,24.1,100.0,1
85816,-0.111,-0.126,4.080,0.31,-1.04,-0.24,106808,75546,24.1,100.0,1
85936,-0.136,-0.122,4.021,0.43,2.14,-0.31,106894,75613,24.1,100.0,1
86057,-0.138,-0.122,4.069,0.12,-0.31,-0.24,106657,75528,24.1,100.0,1
86177,-0.107,-0.124,4.050,0.31,0.00,-0.18,106517,75481,24.1,100.0,1
86297,-0.086,-0.121,4.083,0.24,-0.24,0.00,106532,75487,24.1,100.0,1
86417,-0.101,-0.135,4.070,0.06,0.06,0.00,106605,75556,24.1,100.0,1
86537,-0.101,-0.130,4.061,0.92,0.61,-0.18,106664,75588,24.1,100.0,1
86658,-0.091,-0.136,4.115,0.55,1.59,-0.18,106683,75560,24.1,100.0,1
86778,-0.129,-0.117,4.076,0.31,0.55,0.06,106419,75476,24.1,100.0,1
86898,-0.140,-0.129,4.068,-0.06,0.67,0.06,106458,75542,24.1,100.0,1
87018,-0.126,-0.123,4.069,0.00,1.95,0.31,106483,75601,24.1,100.0,1
87139,-0.146,-0.129,4.060,0.12,1.59,0.37,106541,75591,24.1,100.0,1
87259,-0.153,-0.128,4.087,0.37,0.92,0.37,106593,75592,24.1,100.0,1
87379,-0.164,-0.104,4.084,0.67,1.71,0.55,106594,75572,24.1,100.0,1
87499,-0.176,-0.114,4.055,-0.55,0.37,0.31,106468,75611,24.1,100.0,1
87620,-0.177,-0.112,4.105,-0.98,0.06,0.24,106512,75604,24.1,100.0,1
87740,-0.176,-0.123,4.067,-0.98,-0.85,0.00,106522,75602,24.1,100.0,1
87860,-0.165,-0.135,4.100,-0.37,-0.12,0.37,106635,75644,24.1,100.0,1
87980,-0.186,-0.136,4.046,-0.67,-0.37,0.24,106793,75725,24.1,100.0,1
88101,-0.180,-0.144,4.078,0.00,0.31,0.18,106630,75648,24.1,100.0,1
88221,-0.172,-0.149,4.063,0.37,1.77,0.49,106575,75624,24.1,100.0,1
88341,-0.188,-0.151,4.069,0.00,1.65,0.24,106651,75648,24.1,100.0,1
88461,-0.205,-0.148,4.066,-0.43,3.48,0.00,106789,75728,24.1,100.0,1
88581,-0.232,-0.148,4.060,0.31,2.32,-0.31,106880,75758,24.1,100.0,1
88702,-0.229,-0.151,4.082,0.55,-0.31,0.06,106906,75714,24.1,100.0,1
88822,-0.230,-0.140,4.076,-0.12,-1.71,-0.06,106814,75684,24.1,100.0,1
88942,-0.210,-0.135,4.057,0.24,-1.95,0.12,106911,75755,24.1,100.0,1
89062,-0.184,-0.145,4.072,0.18,-1.77,-0.24,106971,75772,24.1,100.0,1
89183,-0.169,-0.158,4.061,0.43,-0.85,-0.24,107037,75771,24.1,100.0,1
89303,-0.177,-0.151,4.041,0.24,-0.61,-0.18,107169,75775,24.1,93.3,1
89423,-0.163,-0.139,4.067,0.18,-1.04,-0.49,107143,75814,24.1,93.3,1
89543,-0.152,-0.155,4.076,0.06,-1.65,-0.43,107163,75820,24.1,93.3,1
89664,-0.135,-0.150,4.070,-0.43,-1.04,-0.55,107216,75812,24.1,93.3,1
89784,-0.137,-0.163,4.071,0.12,-1.22,-0.55,107303,75814,24.1,93.3,1
89904,-0.107,-0.134,4.071,0.49,-0.24,-0.31,107449,75885,24.1,93.3,1
90024,-0.083,-0.154,4.120,0.31,-0.67,-0.67,107495,75879,24.1,93.3,1
90145,-0.104,-0.134,4.072,0.37,-0.98,-0.43,107410,75854,24.1,93.3,1
90265,-0.088,-0.157,4.075,0.06,-0.79,-0.37,107450,75824,24.1,93.3,1
90385,-0.083,-0.149,4.068,0.37,-0.18,-0.06,107553,75869,24.1,93.3,1
90505,-0.080,-0.148,4.075,-0.49,-0.98,-0.31,107626,75922,24.1,93.3,1
90626,-0.071,-0.142,4.103,0.06,-0.37,-0.12,107683,75914,24.1,93.3,1
90746,-0.038,-0.146,4.105,0.37,0.12,-0.18,107663,75864,24.1,93.3,1
90866,-0.069,-0.152,4.078,-0.31,-0.92,-0.18,107656,75853,24.1,93.3,1
90986,-0.038,-0.145,4.090,-0.18,-1.16,-0.18,107707,75914,24.1,93.3,1
91107,-0.055,-0.152,4.070,-0.18,-0.12,0.06,107691,75870,24.1,93.3,1
91227,-0.041,-0.137,4.081,0.49,-0.12,-0.06,107725,75853,24.1,93.3,1
91347,-0.052,-0.168,4.078,-1.22,0.18,-0.12,107787,75859,24.1,93.3,1
91467,-0.030,-0.135,4.060,0.98,-0.18,-0.06,107759,75870,24.1,93.3,1
91587,-0.035,-0.148,4.077,-0.18,-0.31,-0.18,107672,75853,24.1,93.3,1
91708,-0.015,-0.142,4.075,0.12,-0.85,0.18,107653,75811,24.1,93.3,1
91828,-0.048,-0.151,4.070,0.24,-0.24,-0.12,107656,75781,24.1,93.3,1
91948,-0.024,-0.164,4.079,0.18,-0.31,-0.06,107728,75839,24.1,93.3,1
92068,-0.048,-0.164,4.083,0.79,1.34,-0.49,107749,75820,24.1,93.3,1
92189,-0.063,-0.148,4.079,0.43,0.61,0.06,107529,75736,24.1,93.3,1
92309,-0.058,-0.166,4.087,-0.24,0.31,-0.18,107479,75676,24.1,93.3,1
92429,-0.040,-0.153,4.072,0.37,1.28,0.12,107495,75730,24.1,93.3,1
92549,-0.042,-0.133,4.066,0.24,1.22,0.18,107492,75723,24.1,93.3,1
92670,-0.055,-0.154,4.068,-0.79,1.95,0.18,107485,75691,24.1,93.3,1
92790,-0.072,-0.132,4.056,0.92,1.53,0.18,107319,75606,24.1,93.3,1
92910,-0.073,-0.133,4.079,-0.06,0.49,0.12,107212,75606,24.1,93.3,1
93030,-0.062,-0.135,4.076,0.31,-0.55,0.18,107185,75635,24.1,93.3,1
93151,-0.088,-0.141,4.064,-0.37,0.43,0.06,107140,75603,24.1,93.3,1
93271,-0.071,-0.116,4.061,1.04,1.77,0.43,107140,75592,24.1,94.2,1
93391,-0.073,-0.139,4.115,0.37,1.77,0.37,107141,75586,24.1,94.2,1
93511,-0.113,-0.128,4.068,0.18,0.43,0.12,106907,75572,24.1,94.2,1
93631,-0.107,-0.116,4.086,-0.67,0.12,0.12,106824,75563,24.1,94.2,1
93752,-0.115,-0.129,4.078,-0.18,0.98,0.12,106786,75534,24.1,94.2,1
93872,-0.111,-0.152,4.086,0.43,0.55,0.06,106803,75533,24.1,94.2,1
93992,-0.126,-0.133,4.021,0.37,3.85,0.31,106910,75608,24.1,94.2,1
94112,-0.150,-0.131,4.063,0.49,0.98,-0.06,106667,75548,24.1,94.2,1
94233,-0.131,-0.137,4.057,0.55,1.83,0.24,106489,75511,24.1,94.2,1
94353,-0.144,-0.137,4.066,0.43,0.49,0.06,106468,75517,24.1,94.2,1
94473,-0.166,-0.144,4.076,-0.24,0.73,-0.12,106546,75555,24.1,94.2,1
94593,-0.160,-0.112,4.066,0.61,1.71,0.12,106633,75652,24.1,94.2,1
94714,-0.153,-0.126,4.102,0.31,1.89,0.31,106627,75615,24.1,94.2,1
94834,-0.186,-0.128,4.078,0.12,0.18,0.06,106304,75548,24.1,94.2,1
94954,-0.195,-0.129,4.068,-0.31,-0.37,-0.12,106277,75571,24.1,94.2,1
95074,-0.185,-0.126,4.071,0.00,-0.85,-0.37,106341,75640,24.1,94.2,1
95194,-0.177,-0.125,4.069,-0.18,-0.43,-0.31,106400,75684,24.1,94.2,1
95315,-0.165,-0.155,4.086,0.06,-1.04,-0.43,106462,75694,24.1,94.2,1
95435,-0.156,-0.138,4.061,0.37,0.55,0.06,106389,75634,24.1,94.2,1
95555,-0.172,-0.135,4.056,-0.18,-0.61,0.00,106234,75661,24.1,94.2,1
95675,-0.153,-0.135,4.076,-0.37,-0.61,-0.37,106279,75707,24.1,94.2,1
95796,-0.157,-0.132,4.071,-0.18,-0.73,-0.18,106300,75716,24.1,94.2,1
95916,-0.143,-0.137,4.076,-0.18,-0.55,-0.37,106376,75722,24.1,94.2,1
96036,-0.144,-0.123,4.088,0.79,-0.37,0.00,106532,75775,24.1,94.2,1
96156,-0.117,-0.134,4.098,0.31,0.73,0.06,106589,75815,24.1,94.2,1
96277,-0.150,-0.131,4.059,0.37,-0.55,-0.12,106400,75766,24.1,94.2,1
96397,-0.129,-0.135,4.081,-0.31,-0.37,-0.12,106440,75772,24.1,94.2,1
96517,-0.134,-0.132,4.072,0.24,0.00,-0.43,106522,75791,24.1,94.2,1
96637,-0.126,-0.133,4.074,0.31,-0.12,-0.31,106680,75877,24.1,94.2,1
96757,-0.117,-0.127,4.053,0.37,-0.12,-0.31,106772,75899,24.1,94.2,1
96878,-0.132,-0.131,4.104,0.67,1.04,-0.37,106859,75876,24.1,94.2,1
96998,-0.128,-0.134,4.077,-0.31,-1.28,-0.31,106747,75809,24.1,94.2,1
97118,-0.135,-0.142,4.057,0.24,-0.61,-0.37,106841,75895,24.1,94.2,1
97238,-0.107,-0.134,4.077,0.12,-0.31,-0.06,106903,75911,24.1,92.0,1
97359,-0.107,-0.142,4.078,0.18,0.12,-0.31,106978,75910,24.1,92.0,1
97479,-0.104,-0.144,4.075,-0.24,-0.49,-0.06,107053,75904,24.1,92.0,1
97599,-0.118,-0.151,4.086,0.49,1.16,-0.43,107215,75932,24.1,92.0,1
97719,-0.110,-0.131,4.081,-0.18,-0.98,-0.31,107133,75943,24.1,92.0,1
97840,-0.095,-0.141,4.055,0.43,0.06,-0.18,107143,75920,24.1,92.0,1
97960,-0.080,-0.145,4.067,0.37,-0.12,0.00,107183,75903,24.1,92.0,1
98080,-0.089,-0.147,4.073,0.12,0.31,-0.18,107260,75917,24.1,92.0,1
98200,-0.081,-0.158,4.084,-0.12,-0.61,0.06,107384,75984,24.1,92.0,1
98320,-0.110,-0.156,4.062,0.61,1.89,-0.24,107437,75982,24.1,92.0,1
98441,-0.097,-0.139,4.081,0.12,0.12,-0.12,107318,75908,24.1,92.0,1
98561,-0.072,-0.138,4.055,0.79,0.92,-0.12,107322,75869,24.1,92.0,1
98681,-0.070,-0.140,4.065,0.49,0.73,0.18,107397,75938,24.1,92.0,1
98801,-0.086,-0.140,4.075,0.12,0.31,0.00,107449,75943,24.1,92.0,1
98922,-0.083,-0.139,4.069,0.67,0.12,-0.18,107474,75924,24.1,92.0,1
99042,-0.094,-0.146,4.094,0.73,2.20,0.00,107499,75888,24.1,92.0,1
99162,-0.110,-0.127,4.079,0.00,-0.18,-0.18,107405,75864,24.1,92.0,1
99282,-0.108,-0.150,4.063,-0.06,0.31,-0.06,107389,75904,24.1,92.0,1
99403,-0.095,-0.135,4.071,0.12,0.43,0.12,107371,75854,24.1,92.0,1
99523,-0.091,-0.143,4.074,-0.31,-0.18,-0.06,107374,75823,24.1,92.0,1
99643,-0.089,-0.135,4.096,0.37,-0.18,0.06,107418,75829,24.1,92.0,1
99763,-0.070,-0.131,4.103,0.31,1.16,0.24,107426,75831,24.1,92.0,1
99883,-0.115,-0.133,4.068,0.31,0.37,0.12,107251,75778,24.1,92.0,1
100004,-0.089,-0.130,4.083,-0.43,-0.73,0.24,107172,75732,24.1,92.0,1
100124,-0.098,-0.140,4.073,-0.18,0.37,0.00,107122,75688,24.1,92.0,1
100244,-0.098,-0.129,4.086,0.49,0.79,0.12,107190,75735,24.1,92.0,1
100364,-0.123,-0.142,4.073,-0.61,2.26,0.18,107223,75766,24.1,92.0,1
100485,-0.136,-0.124,4.059,0.67,2.01,0.24,107035,75660,24.1,92.0,1
100605,-0.131,-0.130,4.072,-0.24,0.43,0.00,106823,75588,24.1,92.0,1
100725,-0.129,-0.130,4.069,0.24,0.06,0.24,106810,75595,24.1,92.0,1
100845,-0.156,-0.134,4.059,-0.06,0.92,0.00,106821,75646,24.1,92.0,1
100965,-0.134,-0.135,4.080,0.43,1.10,0.31,106825,75643,24.1,92.0,1
101086,-0.170,-0.131,4.020,0.31,2.87,0.06,106850,75614,24.1,92.0,1
101206,-0.166,-0.120,4.079,-0.12,-0.92,-0.31,106584,75485,24.1,92.0,1
101326,-0.155,-0.131,4.039,0.24,-0.37,-0.31,106442,75508,24.1,90.2,1
101446,-0.137,-0.135,4.072,-0.12,-1.04,-0.12,106428,75514,24.1,90.2,1
101567,-0.129,-0.139,4.071,-0.06,-0.49,-0.49,106401,75508,24.1,90.2,1
101687,-0.127,-0.137,4.081,0.18,-0.55,-0.37,106431,75498,24.1,90.2,1
101807,-0.140,-0.138,4.032,0.43,1.46,-0.31,106544,75531,24.1,90.2,1
101927,-0.136,-0.131,4.086,-0.06,-1.16,-0.49,106272,75490,24.1,90.2,1
102048,-0.105,-0.142,4.064,0.24,-0.43,-0.31,106102,75446,24.1,90.2,1
102168,-0.099,-0.140,4.072,-0.18,-0.61,-0.18,106105,75428,24.1,90.2,1
102288,-0.101,-0.143,4.076,0.31,-0.24,-0.37,106150,75454,24.1,90.2,1
102408,-0.090,-0.148,4.092,0.31,-0.12,-0.06,106271,75536,24.1,90.2,1
102528,-0.103,-0.134,4.023,0.12,1.83,-0.18,106353,75565,24.1,90.2,1
102649,-0.092,-0.135,4.082,0.67,-1.28,0.12,106086,75439,24.1,90.2,1
102769,-0.092,-0.160,4.043,-0.79,0.12,-1.04,105947,75399,24.1,90.2,1
102889,-0.071,-0.149,4.080,-0.55,-1.53,0.31,106070,75481,24.1,90.2,1
103009,-0.074,-0.172,4.047,-1.28,1.83,-1.04,106130,75534,24.1,90.2,1
103130,-0.055,-0.252,4.063,-3.91,0.85,0.24,106222,75536,24.1,90.2,1
103250,-0.072,-0.234,4.040,-1.89,3.48,-1.16,106303,75551,24.1,90.2,1
103370,-0.068,-0.270,4.075,-1.04,-1.83,0.18,106141,75467,24.1,90.2,1
103490,-0.070,-0.221,4.036,0.00,-0.24,-1.59,106129,75531,24.1,90.2,1
103611,-0.016,-0.269,4.056,0.67,-4.15,-0.55,106193,75525,24.1,90.2,1
103731,-0.030,-0.282,4.068,0.67,0.92,-1.89,106255,75524,24.1,90.2,1
103851,-0.035,-0.204,4.049,4.03,4.46,-1.83,106372,75560,24.1,90.2,1
103971,-0.097,-0.252,4.082,4.82,4.82,-2.26,106545,75623,24.1,90.2,1
104091,-0.060,-0.177,4.113,1.89,-2.87,0.18,106421,75584,24.1,90.2,1
104212,-0.070,-0.121,4.075,-0.06,-0.55,1.10,106478,75588,24.1,90.2,1
104332,-0.026,-0.181,4.053,1.65,0.85,0.79,106577,75577,24.1,90.2,1
104452,-0.052,-0.140,4.078,0.55,-1.10,1.34,106765,75684,24.1,90.2,1
104572,-0.045,-0.151,4.078,-0.92,-0.18,0.37,106909,75729,24.1,90.2,1
104693,-0.010,-0.129,4.068,0.73,1.16,0.00,106894,75688,24.1,90.2,1
104813,-0.065,-0.144,4.070,-0.31,-0.61,-0.24,106878,75666,24.1,90.2,1
104933,-0.023,-0.138,4.097,-0.12,-0.79,0.24,107023,75711,24.1,90.2,1
105053,-0.042,-0.137,4.067,0.18,0.18,0.06,107139,75780,24.1,90.2,1
105174,-0.026,-0.145,4.069,0.31,-0.43,-0.12,107232,75776,24.1,90.2,1
105294,-0.046,-0.158,4.107,0.49,1.59,-0.49,107323,75770,24.1,99.5,1
105414,-0.051,-0.137,4.079,0.12,-0.37,-0.06,107271,75750,24.1,99.5,1
105534,-0.058,-0.152,4.073,-0.06,0.55,-0.06,107370,75808,24.1,99.5,1
105654,-0.034,-0.136,4.069,0.55,0.49,0.31,107412,75817,24.1,99.5,1
105775,-0.032,-0.123,4.078,0.61,0.73,0.24,107471,75802,24.1,99.5,1
105895,-0.066,-0.146,4.054,-0.49,1.77,0.24,107568,75786,24.1,99.5,1
106015,-0.052,-0.130,4.058,0.98,2.01,0.67,107567,75819,24.1,99.5,1
106135,-0.058,-0.122,4.085,0.00,-0.31,0.12,107557,75811,24.1,99.5,1
106256,-0.055,-0.119,4.077,0.31,0.12,0.43,107573,75789,24.1,99.5,1
106376,-0.081,-0.118,4.071,-0.12,0.85,0.24,107600,75770,24.1,99.5,1
106496,-0.060,-0.091,4.063,0.73,1.46,0.37,107698,75788,24.1,99.5,1
106616,-0.071,-0.115,4.108,0.31,1.53,0.00,107722,75822,24.1,99.5,1
106737,-0.108,-0.108,4.068,0.06,0.00,0.00,107569,75752,24.1,99.5,1
106857,-0.103,-0.106,4.090,-0.49,-0.43,0.00,107544,75708,24.1,99.5,1
106977,-0.092,-0.113,4.067,0.37,0.67,0.24,107524,75693,24.1,99.5,1
107097,-0.107,-0.120,4.093,0.73,1.28,0.18,107591,75741,24.1,99.5,1
107217,-0.126,-0.114,4.023,0.61,3.17,0.06,107623,75747,24.1,99.5,1
107338,-0.150,-0.095,4.060,0.37,1.16,0.06,107424,75636,24.1,99.5,1
107458,-0.124,-0.110,4.058,0.55,0.31,0.12,107283,75576,24.1,99.5,1
107578,-0.127,-0.103,4.059,0.06,-0.49,0.06,107300,75602,24.1,99.5,1
107698,-0.132,-0.108,4.061,-0.37,-0.61,-0.12,107283,75625,24.1,99.5,1
107819,-0.123,-0.087,4.081,0.37,-0.61,-0.06,107297,75595,24.1,99.5,1
107939,-0.113,-0.105,4.099,0.00,1.34,-0.06,107214,75526,24.1,99.5,1
108059,-0.143,-0.095,4.064,0.00,-0.24,0.00,106995,75476,24.1,99.5,1
108179,-0.126,-0.101,4.080,-0.61,-0.85,-0.24,106936,75518,24.1,99.5,1
108300,-0.127,-0.104,4.070,0.00,-0.61,-0.24,106869,75469,24.1,99.5,1
108420,-0.107,-0.114,4.082,0.06,0.00,-0.12,106874,75464,24.1,99.5,1
108540,-0.115,-0.128,4.074,-0.73,0.98,-0.24,106923,75480,24.1,99.5,1
108660,-0.119,-0.103,4.060,0.73,0.43,-0.12,106785,75444,24.1,99.5,1
108780,-0.113,-0.115,4.082,-0.31,-1.28,-0.12,106554,75379,24.1,99.5,1
108901,-0.092,-0.106,4.079,0.00,-1.46,-0.12,106515,75360,24.1,99.5,1
109021,-0.106,-0.121,4.065,-0.12,-0.18,-0.37,106519,75335,24.1,99.5,1
109141,-0.077,-0.115,4.075,-0.31,-0.79,-0.24,106633,75413,24.1,99.5,1
109261,-0.103,-0.135,4.074,0.31,0.06,-0.12,106702,75434,24.1,94.8,1
109382,-0.063,-0.116,4.079,0.43,0.24,-0.06,106584,75356,24.1,94.8,1
109502,-0.094,-0.121,4.067,-0.31,-1.22,-0.24,106312,75248,24.1,94.8,1
109622,-0.055,-0.115,4.082,-0.55,-2.38,-0.24,106367,75288,24.1,94.8,1
109742,-0.068,-0.117,4.072,-0.06,-0.12,-0.18,106394,75347,24.1,94.8,1
109863,-0.046,-0.112,4.072,0.00,-0.55,-0.12,106461,75351,24.1,94.8,1
109983,-0.072,-0.145,4.081,-0.98,0.43,-0.24,106539,75361,24.1,94.8,1
110103,-0.039,-0.117,4.080,1.22,1.71,0.24,106453,75304,24.1,94.8,1
110223,-0.079,-0.133,4.069,-0.24,-0.12,-0.06,106314,75311,24.1,94.8,1
110343,-0.041,-0.110,4.090,-0.06,-0.37,0.00,106350,75331,24.1,94.8,1
110464,-0.077,-0.113,4.069,0.31,0.67,0.06,106401,75329,24.1,94.8,1
110584,-0.054,-0.104,4.072,0.00,0.85,0.24,106510,75333,24.1,94.8,1
110704,-0.088,-0.127,4.053,-0.73,1.65,0.24,106661,75431,24.1,94.8,1
110824,-0.076,-0.109,4.055,1.22,1.71,0.37,106575,75381,24.1,94.8,1
110945,-0.082,-0.106,4.094,0.06,-0.06,0.18,106466,75334,24.1,94.8,1
111065,-0.070,-0.107,4.086,0.37,-0.37,0.12,106532,75338,24.1,94.8,1
111185,-0.104,-0.111,4.062,0.43,1.34,0.31,106651,75381,24.1,94.8,1
111305,-0.100,-0.103,4.080,0.98,2.26,0.12,106798,75469,24.1,94.8,1
111426,-0.140,-0.102,4.042,1.04,4.27,0.49,106888,75463,24.1,94.8,1
111546,-0.156,-0.091,4.070,0.31,0.98,-0.06,106734,75368,24.1,94.8,1
111666,-0.130,-0.102,4.060,0.49,1.53,0.00,106738,75378,24.1,94.8,1
111786,-0.140,-0.095,4.051,0.43,0.37,0.06,106877,75442,24.1,94.8,1
111906,-0.153,-0.096,4.071,-0.12,0.00,-0.24,106941,75460,24.1,94.8,1
112027,-0.153,-0.079,4.078,0.85,1.22,0.12,107033,75451,24.1,94.8,1
112147,-0.153,-0.088,4.100,0.49,2.26,0.00,107059,75417,24.1,94.8,1
112267,-0.179,-0.088,4.069,0.06,0.43,0.06,106990,75440,24.1,94.8,1
112387,-0.182,-0.084,4.076,-0.49,-0.37,-0.43,107046,75460,24.1,94.8,1
112508,-0.180,-0.089,4.063,0.00,-0.31,0.06,107082,75451,24.1,94.8,1
112628,-0.157,-0.087,4.078,0.43,0.18,0.00,107138,75441,24.1,94.8,1
112748,-0.156,-0.104,4.059,-0.98,0.49,-0.12,107275,75487,24.1,94.8,1
112868,-0.173,-0.090,4.054,0.85,0.98,-0.06,107208,75483,24.1,94.8,1
112989,-0.169,-0.096,4.074,-0.49,-0.67,-0.12,107136,75432,24.1,94.8,1
113109,-0.147,-0.088,4.079,-0.24,-1.22,-0.06,107169,75407,24.1,94.8,1
113229,-0.165,-0.099,4.061,-0.06,-0.37,-0.18,107232,75428,24.1,94.8,1
113349,-0.136,-0.100,4.073,0.43,0.24,-0.12,107325,75501,24.1,100.0,1
113470,-0.174,-0.105,4.042,0.67,2.50,-0.18,107366,75472,24.1,100.0,1
113590,-0.167,-0.097,4.087,-0.24,-0.55,-0.31,107203,75389,24.1,100.0,1
113710,-0.147,-0.110,4.057,0.12,-0.12,-0.18,107162,75380,24.1,100.0,1
113830,-0.135,-0.099,4.066,0.00,-0.67,-0.18,107226,75427,24.1,100.0,1
113950,-0.141,-0.109,4.067,0.00,-0.67,-0.31,107260,75437,24.1,100.0,1
114071,-0.132,-0.092,4.046,0.79,0.24,-0.12,107269,75413,24.1,100.0,1
114191,-0.133,-0.110,4.100,0.18,0.92,-0.37,107304,75371,24.1,100.0,1
114311,-0.151,-0.104,4.073,-0.24,-1.16,-0.43,107140,75360,24.1,100.0,1
114431,-0.148,-0.113,4.065,-0.43,-0.37,-0.43,107104,75362,24.1,100.0,1
114552,-0.123,-0.109,4.077,0.00,-0.31,0.00,107074,75342,24.1,100.0,1
114672,-0.119,-0.122,4.070,-0.37,-0.73,-0.37,107076,75315,24.1,100.0,1
114792,-0.101,-0.092,4.070,0.79,0.31,0.12,107157,75345,24.1,100.0,1
114912,-0.087,-0.108,4.105,-0.06,0.55,-0.12,107165,75356,24.1,100.0,1
115033,-0.122,-0.108,4.065,0.12,-0.43,0.00,106912,75269,24.1,100.0,1
115153,-0.106,-0.099,4.076,-0.73,-1.22,-0.37,106874,75248,24.1,100.0,1
115273,-0.111,-0.111,4.068,-0.24,-0.06,-0.12,106860,75235,24.1,100.0,1
115393,-0.086,-0.113,4.072,-0.37,-0.43,-0.12,106947,75302,24.1,100.0,1
115513,-0.098,-0.119,4.083,0.37,0.18,-0.18,106978,75324,24.1,100.0,1
115634,-0.074,-0.110,4.089,0.79,1.46,0.00,106889,75250,24.1,100.0,1
115754,-0.109,-0.116,4.074,0.18,-0.43,-0.06,106689,75169,24.1,100.0,1
115874,-0.085,-0.101,4.086,-0.61,-0.92,-0.06,106730,75223,24.1,100.0,1
115994,-0.112,-0.116,4.067,0.00,0.18,-0.18,106740,75242,24.1,100.0,1
116115,-0.080,-0.100,4.066,0.12,0.49,0.00,106770,75247,24.1,100.0,1
116235,-0.105,-0.126,4.080,-0.49,0.43,0.06,106820,75252,24.1,100.0,1
116355,-0.098,-0.114,4.080,0.98,1.40,0.12,106783,75215,24.1,100.0,1
116475,-0.122,-0.118,4.060,-0.24,-0.12,0.12,106626,75220,24.1,100.0,1
116596,-0.101,-0.098,4.090,0.00,-0.98,-0.06,106633,75224,24.1,100.0,1
116716,-0.130,-0.107,4.066,0.18,0.67,0.00,106649,75228,24.1,100.0,1
116836,-0.108,-0.107,4.089,0.67,0.37,0.37,106733,75254,24.1,100.0,1
116956,-0.137,-0.111,4.065,-0.24,2.75,0.24,106862,75333,24.1,100.0,1
117076,-0.150,-0.092,4.057,0.85,1.46,0.18,106702,75264,24.1,100.0,1
117197,-0.146,-0.102,4.089,0.06,-0.31,-0.06,106571,75235,24.1,100.0,1
117317,-0.132,-0.094,4.074,0.31,-0.18,0.12,106616,75230,24.1,97.6,1
117437,-0.154,-0.095,4.059,0.18,0.24,0.00,106711,75327,24.1,97.6,1
117557,-0.146,-0.094,4.074,0.55,1.34,0.12,106806,75366,24.1,97.6,1
117678,-0.167,-0.092,4.027,0.79,3.17,0.18,106891,75392,24.1,97.6,1
117798,-0.172,-0.085,4.074,0.37,0.92,0.06,106689,75291,24.1,97.6,1
117918,-0.161,-0.086,4.058,0.37,0.24,-0.24,106693,75332,24.1,97.6,1
118038,-0.158,-0.087,4.075,0.12,-0.61,0.00,106755,75413,24.1,97.6,1
118159,-0.170,-0.093,4.057,0.00,-0.73,-0.18,106810,75410,24.1,97.6,1
118279,-0.150,-0.081,4.066,0.18,0.37,0.12,106885,75431,24.1,97.6,1
118399,-0.184,-0.097,4.078,0.67,2.20,-0.06,106993,75466,24.1,97.6,1
118519,-0.167,-0.094,4.082,-0.43,-0.98,-0.24,106883,75472,24.1,97.6,1
118639,-0.159,-0.103,4.062,0.18,-0.18,-0.31,106838,75462,24.1,97.6,1
118760,-0.137,-0.097,4.075,-0.18,-0.79,-0.12,106871,75462,24.1,97.6,1
118880,-0.140,-0.101,4.067,-0.12,-0.79,-0.18,106973,75474,24.1,97.6,1
119000,-0.138,-0.086,4.042,0.43,0.61,-0.06,107096,75557,24.1,97.6,1
119120,-0.132,-0.101,4.106,0.49,1.34,-0.37,107177,75579,24.1,97.6,1
119241,-0.149,-0.090,4.075,0.00,-0.67,-0.12,106998,75501,24.1,97.6,1
119361,-0.157,-0.118,4.056,-0.12,0.37,-0.18,107015,75502,24.1,97.6,1
119481,-0.129,-0.106,4.074,-0.06,-0.12,0.12,107130,75561,24.1,97.6,1
119601,-0.133,-0.109,4.072,-0.49,-0.67,-0.12,107206,75621,24.1,97.6,1
119722,-0.118,-0.092,4.084,0.73,0.00,-0.06,107247,75600,24.1,97.6,1
119842,-0.111,-0.094,4.096,0.00,0.61,-0.06,107230,75554,24.1,97.6,1
119962,-0.135,-0.092,4.063,0.24,0.49,0.06,107127,75537,24.1,97.6,1
120082,-0.126,-0.102,4.066,-0.55,-0.12,-0.06,107221,75598,24.1,97.6,1
120202,-0.135,-0.099,4.077,0.31,-0.18,0.00,107238,75606,24.1,97.6,1
120323,-0.112,-0.103,4.080,0.37,0.67,0.00,107280,75595,24.1,97.6,1
120443,-0.153,-0.114,4.041,0.55,3.17,0.00,107339,75569,24.1,97.6,1
120563,-0.168,-0.100,4.079,-0.06,-0.18,-0.12,107267,75587,24.1,97.6,1
120683,-0.138,-0.099,4.058,0.00,-0.12,-0.31,107253,75600,24.1,97.6,1
120804,-0.123,-0.097,4.068,0.18,-0.31,-0.06,107258,75570,24.1,97.6,1
120924,-0.120,-0.107,4.095,0.00,0.06,-0.06,107277,75554,24.1,97.6,1
121044,-0.122,-0.100,4.030,0.37,2.62,0.18,107386,75585,24.1,97.6,1
121164,-0.146,-0.093,4.071,0.18,0.49,0.00,107294,75597,24.1,97.6,1
121285,-0.117,-0.104,4.061,0.37,-0.31,-0.24,107205,75538,24.1,93.9,1
121405,-0.114,-0.102,4.074,0.06,-0.61,-0.12,107213,75518,24.1,93.9,1
121525,-0.120,-0.106,4.058,0.06,-0.61,-0.24,107240,75519,24.1,93.9,1
121645,-0.117,-0.116,4.080,-0.73,0.49,-0.12,107346,75575,24.1,93.9,1
121765,-0.120,-0.101,4.060,0.79,1.16,0.06,107248,75518,24.1,93.9,1
121886,-0.122,-0.106,4.083,-0.31,-0.92,-0.12,107102,75459,24.1,93.9,1
122006,-0.101,-0.107,4.075,-0.18,-1.34,0.00,107099,75429,24.1,93.9,1
122126,-0.120,-0.112,4.065,0.06,-0.24,-0.31,107169,75478,24.1,93.9,1
122246,-0.086,-0.095,4.044,0.43,0.24,0.00,107219,75509,24.1,93.9,1
122367,-0.122,-0.119,4.093,0.55,1.10,-0.37,107234,75475,24.1,93.9,1
122487,-0.124,-0.108,4.084,-0.12,-0.92,-0.37,107009,75370,24.1,93.9,1
122607,-0.115,-0.126,4.066,-0.55,-0.31,-0.43,106972,75372,24.1,93.9,1
122727,-0.092,-0.113,4.082,0.12,0.24,-0.12,107017,75423,24.1,93.9,1
122847,-0.086,-0.110,4.067,-0.24,-0.06,-0.06,107027,75435,24.1,93.9,1
122968,-0.094,-0.137,4.068,-0.18,0.24,-0.06,107060,75420,24.1,93.9,1
123088,-0.082,-0.111,4.086,0.61,1.40,0.06,107004,75349,24.1,93.9,1
123208,-0.119,-0.118,4.074,0.12,0.12,0.18,106892,75379,24.1,93.9,1
123328,-0.105,-0.106,4.075,-0.06,-0.37,0.24,106888,75391,24.1,93.9,1
123449,-0.120,-0.115,4.066,0.24,0.92,0.18,106875,75385,24.1,93.9,1
123569,-0.106,-0.105,4.068,0.85,2.20,0.55,106921,75367,24.1,93.9,1
123689,-0.146,-0.118,4.072,-0.43,2.44,0.12,107022,75427,24.1,93.9,1
123809,-0.151,-0.095,4.059,1.04,2.26,0.24,106955,75427,24.1,93.9,1
123929,-0.163,-0.096,4.099,-0.31,-0.37,0.12,106808,75394,24.1,93.9,1
124050,-0.158,-0.085,4.082,0.55,0.85,0.31,106809,75388,24.1,93.9,1
124170,-0.179,-0.100,4.063,0.31,0.43,-0.06,106855,75389,24.1,93.9,1
124290,-0.177,-0.096,4.077,0.67,1.89,0.18,106982,75463,24.1,93.9,1
124410,-0.195,-0.088,4.036,0.67,3.60,0.12,107067,75498,24.1,93.9,1
124531,-0.230,-0.084,4.061,0.12,1.71,0.24,106876,75415,24.1,93.9,1
124651,-0.193,-0.093,4.048,0.37,1.95,0.12,106800,75384,24.1,93.9,1
124771,-0.215,-0.092,4.068,0.18,0.49,0.12,106888,75433,24.1,93.9,1
124891,-0.232,-0.082,4.065,-0.37,0.98,0.12,106961,75504,24.1,93.9,1
125012,-0.250,-0.091,4.098,0.37,0.06,0.00,107036,75501,24.1,93.9,1
125132,-0.243,-0.081,4.065,0.37,2.75,0.06,107035,75461,24.1,93.9,1
125252,-0.287,-0.079,4.077,-0.24,0.18,0.06,106918,75439,24.1,93.9,1
125372,-0.263,-0.082,4.071,0.06,0.98,0.00,106995,75504,24.1,96.1,1
125492,-0.282,-0.087,4.053,0.12,1.46,0.00,107019,75516,24.1,96.1,1
125613,-0.285,-0.075,4.082,0.37,1.16,0.00,107074,75507,24.1,96.1,1
125733,-0.303,-0.080,4.036,-0.06,0.85,0.06,107194,75535,24.1,96.1,1
125853,-0.300,-0.070,4.050,0.37,0.18,0.12,107162,75534,24.1,96.1,1
125973,-0.300,-0.092,4.060,0.12,-0.67,-0.12,107116,75537,24.1,96.1,1
126094,-0.284,-0.076,4.056,0.06,-1.10,0.12,107155,75525,24.1,96.1,1
126214,-0.295,-0.082,4.054,-0.18,-0.85,-0.18,107205,75515,24.1,96.1,1
126334,-0.264,-0.079,4.057,0.31,-0.79,0.00,107361,75583,24.1,96.1,1
126454,-0.276,-0.093,4.067,0.24,1.04,-0.18,107453,75637,24.1,96.1,1
126575,-0.274,-0.087,4.070,-0.18,-1.34,-0.12,107340,75555,24.1,96.1,1
126695,-0.262,-0.090,4.045,-0.06,-0.18,-0.31,107346,75545,24.1,96.1,1
126815,-0.256,-0.086,4.066,-0.12,-0.92,-0.18,107422,75552,24.1,96.1,1
126935,-0.243,-0.096,4.065,0.00,-1.16,-0.31,107532,75632,24.1,96.1,1
127056,-0.240,-0.097,4.062,0.06,0.12,-0.24,107593,75618,24.1,96.1,1
127176,-0.244,-0.102,4.046,0.37,1.34,-0.06,107667,75622,24.1,96.1,1
127296,-0.250,-0.097,4.079,0.00,-0.49,-0.18,107575,75580,24.1,96.1,1
127416,-0.230,-0.100,4.043,-0.18,-0.67,-0.24,107642,75629,24.1,96.1,1
127536,-0.234,-0.099,4.064,-0.06,-0.98,-0.12,107674,75628,24.1,96.1,1
127657,-0.221,-0.105,4.073,-0.18,-1.04,-0.37,107709,75605,24.1,96.1,1
127777,-0.195,-0.101,4.063,0.31,-0.37,-0.12,107742,75584,24.1,96.1,1
127897,-0.209,-0.118,4.071,-1.28,0.31,-0.31,107868,75652,24.1,96.1,1
128017,-0.207,-0.092,4.049,0.67,0.61,-0.12,107815,75634,24.1,96.1,1
128138,-0.197,-0.102,4.076,-0.18,-1.22,-0.06,107762,75587,24.1,96.1,1
128258,-0.188,-0.109,4.069,0.06,-1.10,-0.18,107762,75560,24.1,96.1,1
128378,-0.194,-0.109,4.058,0.00,-0.61,-0.18,107849,75577,24.1,96.1,1
128498,-0.178,-0.114,4.071,-0.43,-0.55,0.06,107906,75626,24.1,96.1,1
128619,-0.183,-0.094,4.046,0.85,0.24,0.18,107947,75609,24.1,96.1,1
128739,-0.161,-0.098,4.108,0.31,0.92,-0.12,107936,75565,24.1,96.1,1
128859,-0.187,-0.103,4.067,0.18,-0.61,-0.12,107806,75507,24.1,96.1,1
128979,-0.174,-0.099,4.074,-0.67,-1.10,-0.43,107860,75549,24.1,96.1,1
129099,-0.175,-0.109,4.074,0.06,-0.49,0.00,107822,75519,24.1,96.1,1
129220,-0.162,-0.118,4.075,-0.31,-0.67,-0.24,107822,75492,24.1,96.1,1
129340,-0.159,-0.095,4.047,0.92,0.55,-0.06,107855,75447,24.1,100.0,1
129460,-0.148,-0.110,4.093,0.18,0.79,-0.12,107912,75493,24.1,100.0,1
129580,-0.171,-0.104,4.068,0.18,-0.61,-0.24,107723,75429,24.1,100.0,1
129701,-0.162,-0.109,4.078,-0.92,-0.92,-0.31,107658,75377,24.1,100.0,1
129821,-0.157,-0.107,4.076,-0.06,0.00,-0.06,107582,75327,24.1,100.0,1
129941,-0.148,-0.124,4.065,-0.31,0.06,-0.06,107641,75372,24.1,100.0,1
130061,-0.140,-0.102,4.057,1.22,1.22,0.24,107670,75413,24.1,100.0,1
130182,-0.159,-0.110,4.100,0.18,1.34,0.06,107667,75360,24.1,100.0,1
130302,-0.174,-0.110,4.070,0.37,0.24,0.12,107387,75263,24.1,100.0,1
130422,-0.175,-0.108,4.081,-0.43,-0.12,-0.06,107347,75262,24.1,100.0,1
130542,-0.179,-0.114,4.068,0.18,0.55,-0.06,107335,75316,24.1,100.0,1
130662,-0.165,-0.109,4.051,0.49,0.18,0.18,107315,75328,24.1,100.0,1
130783,-0.172,-0.130,4.085,-1.28,0.37,-0.31,107324,75312,24.1,100.0,1
130903,-0.183,-0.112,4.054,0.49,0.43,0.00,107186,75229,24.1,100.0,1
131023,-0.187,-0.117,4.058,-0.67,-0.67,-0.37,106984,75243,24.1,100.0,1
131143,-0.154,-0.107,4.085,-0.37,-1.59,-0.24,106927,75252,24.1,100.0,1
131264,-0.174,-0.126,4.058,0.06,-0.18,-0.06,106873,75252,24.1,100.0,1
131384,-0.147,-0.102,4.081,0.31,-0.18,-0.18,106859,75250,24.1,100.0,1
131504,-0.169,-0.124,4.048,0.67,2.08,-0.24,106957,75323,24.1,100.0,1
131624,-0.178,-0.106,4.072,-0.06,-0.61,-0.18,106656,75278,24.1,100.0,1
131745,-0.144,-0.110,4.050,0.24,0.18,-0.24,106466,75240,24.1,100.0,1
131865,-0.139,-0.111,4.063,0.37,-0.37,-0.06,106434,75252,24.1,100.0,1
131985,-0.143,-0.118,4.070,0.31,-0.37,-0.12,106457,75294,24.1,100.0,1
132105,-0.139,-0.113,4.083,0.18,0.24,-0.06,106545,75388,24.1,100.0,1
132226,-0.156,-0.118,4.043,0.67,3.23,0.18,106589,75398,24.1,100.0,1
132346,-0.168,-0.102,4.061,0.31,0.92,0.06,106306,75305,24.1,100.0,1
132466,-0.143,-0.110,4.073,0.24,0.06,0.12,106157,75303,24.1,100.0,1
132586,-0.148,-0.110,4.067,0.55,0.49,0.31,106216,75374,24.1,100.0,1
132706,-0.161,-0.107,4.064,0.12,-0.31,-0.06,106239,75412,24.1,100.0,1
132827,-0.149,-0.099,4.047,0.18,0.49,0.18,106289,75417,24.1,100.0,1
132947,-0.169,-0.130,4.083,-0.73,-0.18,-0.37,106366,75428,24.1,100.0,1
133067,-0.141,-0.108,4.071,0.31,0.18,-0.18,106335,75447,24.1,100.0,1
133187,-0.171,-0.112,4.047,0.00,-0.12,-0.18,106163,75445,24.1,100.0,1
133308,-0.135,-0.107,4.088,-0.73,-2.08,-0.18,106143,75431,24.1,100.0,1
133428,-0.145,-0.110,4.074,-0.06,0.18,-0.18,106167,75429,24.1,100.0,1
133548,-0.130,-0.120,4.081,-0.31,-0.79,-0.37,106315,75488,24.1,100.0,1
133668,-0.123,-0.102,4.065,0.98,0.73,-0.12,106464,75585,24.1,100.0,1
133789,-0.120,-0.116,4.107,0.06,0.24,-0.12,106534,75566,24.1,100.0,1
133909,-0.150,-0.106,4.072,-0.06,-0.67,-0.24,106380,75514,24.1,100.0,1
134029,-0.152,-0.124,4.056,-0.18,-0.24,-0.31,106402,75539,24.1,100.0,1
134149,-0.133,-0.118,4.076,0.06,-0.18,-0.12,106539,75611,24.1,100.0,1
134269,-0.122,-0.117,4.069,0.31,0.31,0.00,106647,75644,24.1,100.0,1
134390,-0.127,-0.107,4.082,0.12,0.67,0.12,106748,75651,24.1,100.0,1
134510,-0.138,-0.132,4.088,-0.73,1.16,0.18,106866,75652,24.1,100.0,1
134630,-0.131,-0.109,4.071,0.98,1.89,0.24,106934,75689,24.1,100.0,1
134750,-0.162,-0.121,4.059,0.43,0.92,0.06,106916,75705,24.1,100.0,1
134871,-0.139,-0.106,4.098,-0.12,-1.34,0.06,106976,75703,24.1,100.0,1
134991,-0.158,-0.113,4.058,-0.06,0.31,0.00,107025,75694,24.1,100.0,1
135111,-0.139,-0.104,4.068,0.18,-0.37,-0.24,107160,75720,24.1,100.0,1
135231,-0.138,-0.109,4.069,-0.31,-0.85,-0.37,107293,75799,24.1,100.0,1
135352,-0.133,-0.112,4.033,0.00,0.61,-0.31,107360,75795,24.1,100.0,1
135472,-0.142,-0.111,4.070,0.00,-0.55,-0.31,107283,75739,24.1,100.0,1
135592,-0.111,-0.112,4.088,0.24,-1.46,-0.37,107280,75730,24.1,100.0,1
135712,-0.101,-0.116,4.069,0.12,-0.43,0.06,107379,75784,24.1,100.0,1
135832,-0.108,-0.132,4.066,0.06,-0.31,-0.12,107430,75793,24.1,100.0,1
135953,-0.102,-0.119,4.077,-0.24,-0.06,-0.24,107458,75779,24.1,100.0,1
136073,-0.091,-0.107,4.055,1.22,0.73,-0.06,107500,75755,24.1,100.0,1
136193,-0.083,-0.122,4.113,-0.24,-0.24,-0.24,107593,75775,24.1,100.0,1
136313,-0.116,-0.112,4.073,0.06,-0.12,-0.24,107486,75790,24.1,100.0,1
136434,-0.125,-0.133,4.063,-0.37,-0.12,-0.24,107445,75748,24.1,100.0,1
136554,-0.097,-0.115,4.086,-0.06,0.06,-0.12,107439,75707,24.1,100.0,1
136674,-0.094,-0.123,4.080,0.06,-0.12,-0.12,107459,75704,24.1,100.0,1
136794,-0.091,-0.118,4.071,0.18,0.61,0.00,107544,75748,24.1,100.0,1
136914,-0.116,-0.133,4.068,-0.43,1.04,0.00,107570,75751,24.1,100.0,1
137035,-0.088,-0.112,4.087,0.92,1.77,0.18,107466,75678,24.1,100.0,1
137155,-0.138,-0.128,4.052,0.55,2.01,0.06,107339,75599,24.1,100.0,1
137275,-0.105,-0.104,4.097,-0.37,-0.92,0.18,107327,75634,24.1,100.0,1
137395,-0.148,-0.108,4.070,0.12,1.10,0.12,107300,75619,24.1,100.0,1
137516,-0.133,-0.110,4.075,0.06,0.49,0.12,107287,75595,24.1,100.0,1
137636,-0.145,-0.106,4.076,0.37,-0.18,-0.12,107293,75584,24.1,100.0,1
137756,-0.149,-0.103,4.057,0.55,0.92,-0.06,107372,75585,24.1,100.0,1
137876,-0.162,-0.102,4.070,-0.12,-1.10,-0.31,107145,75553,24.1,100.0,1
137997,-0.103,-0.101,4.062,0.06,-0.98,-0.31,106992,75472,24.1,100.0,1
138117,-0.109,-0.110,4.063,0.31,0.12,0.06,106916,75434,24.1,100.0,1
138237,-0.119,-0.115,4.069,0.06,-0.49,-0.12,106911,75437,24.1,100.0,1
138357,-0.097,-0.111,4.076,0.06,-0.24,-0.18,106972,75491,24.1,100.0,1
138477,-0.130,-0.120,4.061,-0.55,0.85,-0.06,107030,75500,24.1,100.0,1
138598,-0.110,-0.110,4.066,0.61,1.04,0.06,106858,75393,24.1,100.0,1
138718,-0.123,-0.138,4.067,-0.37,-0.49,-0.31,106598,75301,24.1,100.0,1
138838,-0.086,-0.117,4.087,-0.37,-0.85,0.06,106607,75341,24.1,100.0,1
138958,-0.124,-0.122,4.067,0.24,0.61,0.06,106591,75374,24.1,100.0,1
139079,-0.111,-0.118,4.074,-0.06,0.85,0.06,106603,75349,24.1,100.0,1
139199,-0.105,-0.111,4.062,1.04,1.83,0.31,106637,75338,24.1,100.0,1
139319,-0.098,-0.115,4.101,0.43,1.59,0.18,106679,75334,24.1,100.0,1
139439,-0.156,-0.104,4.069,0.55,0.73,0.37,106440,75297,24.1,100.0,1
139559,-0.158,-0.113,4.056,-0.12,0.79,0.18,106340,75268,24.1,100.0,1
139680,-0.157,-0.106,4.079,-0.37,-0.49,-0.24,106294,75241,24.1,100.0,1
139800,-0.138,-0.113,4.070,-0.18,-0.61,-0.18,106351,75253,24.1,100.0,1
139920,-0.137,-0.112,4.082,0.18,-0.49,-0.24,106452,75313,24.1,100.0,1
140040,-0.154,-0.124,4.075,0.49,1.22,-0.18,106510,75326,24.1,100.0,1
140161,-0.149,-0.117,4.078,-0.18,-0.67,-0.31,106206,75191,24.1,100.0,1
140281,-0.116,-0.103,4.056,0.49,-0.12,-0.12,106066,75131,24.1,100.0,1
140401,-0.111,-0.117,4.062,0.00,0.18,-0.06,106130,75196,24.1,100.0,1
140521,-0.122,-0.116,4.071,0.00,-0.43,-0.24,106165,75217,24.1,100.0,1
140642,-0.118,-0.121,4.070,0.24,0.18,-0.12,106210,75212,24.1,100.0,1
140762,-0.129,-0.112,4.029,0.55,1.89,0.12,106278,75221,24.1,100.0,1
140882,-0.126,-0.113,4.071,0.37,0.85,-0.18,106123,75146,24.1,100.0,1
141002,-0.126,-0.116,4.101,-0.12,-0.98,0.00,106008,75161,24.1,100.0,1
141123,-0.095,-0.112,4.070,0.67,0.43,0.31,106038,75148,24.1,100.0,1
141243,-0.148,-0.117,4.066,0.24,0.55,0.06,106059,75147,24.1,100.0,1
141363,-0.132,-0.112,4.070,0.12,0.79,0.12,106147,75180,24.1,97.7,1
141483,-0.144,-0.102,4.032,0.43,3.17,0.24,106300,75252,24.1,97.7,1
141603,-0.163,-0.108,4.058,0.61,1.59,0.18,106153,75192,24.1,97.7,1
141724,-0.156,-0.099,4.098,0.00,-0.49,0.00,106046,75135,24.1,97.7,1
141844,-0.160,-0.100,4.063,0.43,0.06,0.31,106103,75127,24.1,97.7,1
141964,-0.182,-0.105,4.061,-0.12,0.79,-0.12,106206,75203,24.1,97.7,1
142084,-0.163,-0.094,4.048,0.98,0.43,0.06,106297,75233,24.1,97.7,1
142205,-0.178,-0.100,4.081,0.43,1.71,0.00,106346,75228,24.1,97.7,1
142325,-0.185,-0.097,4.079,-0.18,-0.49,-0.12,106145,75132,24.1,97.7,1
142445,-0.177,-0.107,4.056,0.12,0.43,-0.18,106184,75174,24.1,97.7,1
142565,-0.159,-0.117,4.074,0.06,-0.31,-0.12,106237,75213,24.1,97.7,1
142686,-0.157,-0.100,4.070,0.06,-0.24,0.06,106290,75211,24.1,97.7,1
142806,-0.167,-0.120,4.068,-0.67,-0.18,-0.37,106356,75202,24.1,97.7,1
142926,-0.168,-0.110,4.072,0.73,1.16,-0.06,106353,75175,24.1,97.7,1
143046,-0.163,-0.111,4.052,-0.12,0.00,-0.12,106275,75206,24.1,97.7,1
143166,-0.154,-0.102,4.091,-0.61,-0.85,0.00,106288,75201,24.1,97.7,1
143287,-0.171,-0.114,4.065,0.37,0.37,0.06,106302,75182,24.1,97.7,1
143407,-0.144,-0.100,4.057,0.00,0.55,-0.06,106390,75196,24.1,97.7,1
143527,-0.176,-0.126,4.047,0.06,0.49,-0.06,106520,75263,24.1,97.7,1
143647,-0.160,-0.099,4.063,0.98,2.01,0.37,106494,75234,24.1,97.7,1
143768,-0.187,-0.111,4.054,0.12,0.79,0.24,106347,75169,24.1,97.7,1
143888,-0.199,-0.099,4.090,-0.49,0.00,0.00,106344,75144,24.1,97.7,1
144008,-0.205,-0.102,4.069,0.18,1.16,0.00,106422,75175,24.1,97.7,1
144128,-0.196,-0.106,4.079,0.00,0.67,0.18,106516,75255,24.1,97.7,1
144249,-0.219,-0.098,4.085,-0.12,-0.85,0.18,106573,75236,24.1,97.7,1
144369,-0.200,-0.091,4.080,0.12,0.98,0.06,106560,75188,24.1,97.7,1
144489,-0.221,-0.100,4.063,-0.24,-0.43,-0.18,106410,75125,24.1,97.7,1
144609,-0.212,-0.109,4.067,-0.37,-0.49,-0.06,106424,75176,24.1,97.7,1
144729,-0.201,-0.104,4.079,-0.37,-0.55,-0.06,106436,75180,24.1,97.7,1
144850,-0.190,-0.111,4.077,-0.24,-0.67,-0.37,106461,75168,24.1,97.7,1
144970,-0.173,-0.096,4.053,0.67,0.92,-0.12,106546,75156,24.1,97.7,1
145090,-0.184,-0.111,4.100,0.06,0.92,-0.24,106625,75206,24.1,97.7,1
145210,-0.201,-0.108,4.073,0.00,-0.79,-0.55,106439,75153,24.1,97.7,1
145331,-0.201,-0.113,4.052,-0.06,-0.18,-0.24,106339,75121,24.1,100.0,1
145451,-0.185,-0.118,4.060,0.12,-0.55,-0.18,106341,75095,24.1,100.0,1
145571,-0.176,-0.110,4.072,0.06,-0.31,-0.31,106427,75125,24.1,100.0,1
145691,-0.158,-0.113,4.054,-0.06,0.24,-0.06,106542,75198,24.1,100.0,1
145811,-0.187,-0.126,4.059,0.43,0.12,0.12,106592,75213,24.1,100.0,1
145932,-0.165,-0.105,4.084,0.55,1.89,0.24,106542,75149,24.1,100.0,1
146052,-0.186,-0.107,4.060,0.24,0.43,0.12,106372,75079,24.1,100.0,1
146172,-0.203,-0.103,4.083,-0.61,-0.49,0.12,106396,75132,24.1,100.0,1
146292,-0.193,-0.108,4.068,0.12,0.98,0.12,106420,75152,24.1,100.0,1
146413,-0.204,-0.104,4.069,0.12,1.34,0.24,106485,75153,24.1,100.0,1
146533,-0.207,-0.099,4.080,0.61,1.46,0.24,106539,75165,24.1,100.0,1
146653,-0.226,-0.101,4.055,0.98,3.66,0.43,106678,75200,24.1,100.0,1
146773,-0.263,-0.086,4.053,0.31,1.10,-0.06,106504,75180,24.1,100.0,1
146894,-0.228,-0.099,4.065,1.22,1.10,0.12,106388,75140,77.4,100.0,1
147014,-0.246,-0.091,4.037,0.12,-0.49,0.55,106417,75138,77.4,100.0,1
147134,-0.248,-0.088,4.067,-0.18,-0.73,-0.06,106468,75157,77.4,100.0,1
147254,-0.225,-0.104,4.075,0.18,0.24,-0.12,106588,75230,77.4,100.0,1
147374,-0.235,-0.097,4.043,0.43,1.34,-0.24,106682,75271,77.4,100.0,1
147495,-0.244,-0.097,4.058,-0.31,-0.24,-0.06,106456,75167,77.4,100.0,1
147615,-0.222,-0.099,4.085,0.06,-1.40,-0.24,106347,75120,82.5,100.0,1
147735,-0.202,-0.107,4.065,0.12,-1.22,-0.06,106454,75204,82.5,100.0,1
147855,-0.221,-0.115,4.056,-0.12,-0.43,-0.24,106502,75242,82.5,100.0,1
147976,-0.202,-0.102,4.075,0.37,-0.18,-0.24,106566,75251,82.5,100.0,1
148096,-0.213,-0.114,4.033,0.37,2.01,0.00,106632,75261,82.5,100.0,1
148216,-0.225,-0.107,4.073,0.00,-1.16,-0.43,106481,75208,82.5,100.0,1
148336,-0.191,-0.115,4.069,0.12,-0.79,-0.24,106422,75242,82.5,100.0,1
148456,-0.179,-0.114,4.061,0.06,-1.46,-0.12,106464,75254,75.6,100.0,1
148577,-0.194,-0.118,4.054,0.24,-0.43,-0.37,106492,75244,75.6,100.0,1
148697,-0.169,-0.108,4.078,0.18,0.00,-0.24,106575,75272,75.6,100.0,1
148817,-0.186,-0.118,4.065,-0.92,-0.12,-0.18,106709,75343,75.6,100.0,1
148937,-0.169,-0.114,4.072,0.61,0.18,-0.37,106623,75297,75.6,100.0,1
149058,-0.180,-0.120,4.067,-0.31,-0.85,-0.37,106493,75250,91.8,100.0,1
149178,-0.144,-0.114,4.086,-0.55,-1.59,-0.18,106499,75244,91.8,100.0,1
149298,-0.165,-0.121,4.059,0.24,0.12,-0.12,106600,75289,91.8,100.0,1
149418,-0.152,-0.128,4.081,0.18,-0.92,-0.12,106666,75365,91.8,86.4,1
149539,-0.158,-0.111,4.031,0.06,1.53,-0.24,106729,75354,91.8,86.4,1
149659,-0.164,-0.109,4.065,0.31,0.43,-0.12,106597,75277,91.8,86.4,1
149779,-0.147,-0.116,4.091,0.49,-0.73,-0.12,106522,75261,91.8,86.4,1
149899,-0.137,-0.120,4.077,0.37,0.18,0.24,106606,75334,91.8,86.4,1
150019,-0.171,-0.124,4.059,0.37,1.46,0.24,106631,75340,91.8,86.4,1
150140,-0.172,-0.121,4.077,0.37,0.67,0.18,106687,75328,91.8,86.4,1
150260,-0.174,-0.098,4.045,0.67,3.05,0.24,106777,75349,91.8,86.4,1
150380,-0.215,-0.101,4.067,0.31,1.22,0.12,106692,75337,91.8,86.4,1
150500,-0.182,-0.108,4.077,0.43,0.24,0.24,106624,75327,91.8,86.4,1
150621,-0.184,-0.108,4.070,0.24,0.18,0.31,106628,75310,91.8,86.4,1
150741,-0.206,-0.112,4.044,-0.37,-0.31,-0.18,106648,75289,91.8,86.4,1
150861,-0.197,-0.101,4.071,0.49,-0.49,-0.18,106755,75364,91.8,86.4,1
150981,-0.203,-0.112,4.077,0.43,1.46,-0.12,106826,75380,91.8,86.4,1
151102,-0.216,-0.104,4.082,-0.18,-0.98,-0.24,106619,75298,91.8,86.4,1
151222,-0.184,-0.112,4.047,0.06,0.43,-0.18,106525,75257,91.8,86.4,1
151342,-0.174,-0.116,4.066,0.06,-0.49,-0.18,106607,75293,91.8,86.4,1
151462,-0.181,-0.120,4.064,-0.37,-0.79,-0.31,106671,75361,91.8,86.4,1
151583,-0.181,-0.121,4.086,0.37,-1.04,-0.31,106707,75343,91.8,86.4,1
151703,-0.156,-0.115,4.092,0.24,-0.49,-0.31,106674,75297,91.8,86.4,1
151823,-0.167,-0.122,4.046,0.00,-0.31,-0.18,106499,75250,91.8,86.4,1
151943,-0.161,-0.114,4.087,-0.73,-1.16,-0.43,106525,75306,91.8,86.4,1
152063,-0.162,-0.116,4.076,-0.12,-0.18,-0.37,106515,75316,91.8,86.4,1
152184,-0.136,-0.112,4.062,0.06,0.00,-0.18,106557,75315,91.8,86.4,1
152304,-0.156,-0.142,4.093,-0.92,0.92,-0.37,106612,75310,91.8,86.4,1
152424,-0.147,-0.120,4.067,1.16,2.38,0.43,106584,75325,91.8,86.4,1
152544,-0.182,-0.126,4.063,0.24,0.79,0.06,106427,75311,91.8,86.4,1
152665,-0.150,-0.109,4.081,-0.06,0.18,0.31,106411,75294,91.8,86.4,1
152785,-0.191,-0.116,4.061,0.24,1.10,0.18,106422,75287,91.8,86.4,1
152905,-0.180,-0.106,4.095,0.55,1.40,0.37,106520,75328,91.8,86.4,1
153025,-0.200,-0.105,4.038,0.31,2.69,0.18,106638,75409,91.8,86.4,1
153145,-0.207,-0.095,4.063,0.43,0.92,0.18,106496,75348,91.8,86.4,1
153266,-0.207,-0.106,4.101,-0.18,-0.79,-0.18,106333,75292,91.8,86.4,1
153386,-0.180,-0.104,4.065,-0.06,-1.10,-0.18,106369,75279,91.8,98.5,1
153506,-0.207,-0.114,4.056,0.00,-0.06,-0.37,106461,75364,91.8,98.5,1
153626,-0.192,-0.116,4.073,0.12,-0.12,-0.18,106524,75386,91.8,98.5,1
153747,-0.209,-0.110,4.035,0.43,1.83,-0.12,106579,75382,91.8,98.5,1
153867,-0.214,-0.107,4.066,-0.12,-1.04,-0.31,106371,75287,91.8,98.5,1
153987,-0.170,-0.108,4.052,0.49,-0.06,-0.31,106336,75318,91.8,98.5,1
154107,-0.181,-0.110,4.070,0.00,-0.49,-0.06,106389,75378,91.8,98.5,1
154228,-0.180,-0.114,4.059,0.31,-0.37,-0.06,106434,75360,91.8,98.5,1
154348,-0.175,-0.109,4.068,0.00,-0.06,-0.12,106491,75375,91.8,98.5,1
154468,-0.190,-0.120,4.028,0.43,1.89,-0.31,106596,75404,91.8,98.5,1
154588,-0.189,-0.116,4.062,-0.06,-0.43,-0.18,106458,75376,91.8,98.5,1
154708,-0.149,-0.113,4.058,0.43,0.61,-0.12,106369,75376,91.8,98.5,1
154829,-0.177,-0.119,4.068,0.43,0.85,0.06,106390,75359,91.8,98.5,1
154949,-0.176,-0.122,4.079,0.43,0.73,0.12,106457,75357,91.8,98.5,1
155069,-0.188,-0.126,4.095,0.37,1.46,0.31,106601,75432,91.8,98.5,1
155189,-0.214,-0.112,4.048,-0.37,2.44,0.24,106720,75499,91.8,98.5,1
155310,-0.209,-0.108,4.059,0.55,2.32,0.31,106601,75415,91.8,98.5,1
155430,-0.221,-0.118,4.077,-0.12,-0.06,0.12,106480,75364,112.8,98.5,1
155550,-0.195,-0.105,4.104,-0.24,-2.01,-0.12,106552,75389,112.8,98.5,1
155670,-0.238,-0.106,4.047,-0.18,0.37,-0.12,106623,75455,112.8,98.5,1
155790,-0.205,-0.116,4.066,0.00,-0.67,0.00,106704,75478,112.8,98.5,1
155911,-0.220,-0.109,4.030,0.31,2.38,0.00,106783,75472,112.8,98.5,1
156031,-0.215,-0.110,4.054,0.00,-0.43,-0.12,106662,75388,112.8,98.5,1
156151,-0.189,-0.118,4.090,-0.06,-1.53,-0.24,106649,75439,112.8,98.5,1
156271,-0.187,-0.125,4.065,-0.24,-0.85,0.12,106688,75456,112.8,98.5,1
156392,-0.200,-0.120,4.062,0.00,-0.43,-0.37,106704,75430,112.8,98.5,1
156512,-0.177,-0.117,4.070,0.12,0.06,-0.31,106741,75430,112.8,98.5,1
156632,-0.207,-0.125,4.041,0.31,2.32,-0.18,106880,75463,112.8,98.5,1
156752,-0.197,-0.119,4.063,-0.12,-0.37,-0.43,106794,75468,112.8,98.5,1
156873,-0.166,-0.123,4.070,0.18,-0.61,-0.24,106728,75429,112.8,98.5,1
156993,-0.164,-0.124,4.063,0.49,0.55,0.24,106758,75426,112.8,98.5,1
157113,-0.184,-0.129,4.054,0.67,0.55,0.06,106826,75442,112.8,98.5,1
157233,-0.190,-0.117,4.074,0.49,1.65,0.31,106957,75507,112.8,98.5,1
157353,-0.221,-0.130,4.065,0.98,3.85,0.43,107043,75528,112.8,98.6,1
157474,-0.223,-0.107,4.072,0.24,0.55,0.24,106890,75458,112.8,98.6,1
157594,-0.206,-0.109,4.048,0.67,1.77,0.31,106839,75406,112.8,98.6,1
157714,-0.230,-0.105,4.049,0.79,1.10,0.43,106939,75478,112.8,98.6,1
157834,-0.243,-0.122,4.060,-0.18,0.49,0.00,106994,75496,112.8,98.6,1
157955,-0.236,-0.094,4.054,0.67,0.55,-0.12,107039,75489,112.8,98.6,1
158075,-0.232,-0.112,4.103,0.06,0.61,-0.31,107044,75452,112.8,98.6,1
158195,-0.252,-0.099,4.056,0.06,-0.12,-0.18,106922,75414,112.8,98.6,1
158315,-0.251,-0.120,4.039,-0.24,0.37,-0.24,106891,75455,112.8,98.6,1
158436,-0.238,-0.117,4.074,0.00,-0.24,-0.18,106882,75427,112.8,98.6,1
158556,-0.222,-0.111,4.057,-0.12,-0.31,-0.06,106887,75406,112.8,98.6,1
158676,-0.229,-0.139,4.066,-0.24,-0.43,-0.43,106968,75435,112.8,98.6,1
158796,-0.215,-0.113,4.070,0.61,0.92,-0.06,106943,75448,112.8,98.6,1
158916,-0.248,-0.132,4.051,-0.12,0.00,-0.12,106739,75380,112.8,98.6,1
159037,-0.214,-0.112,4.079,-0.61,-1.34,-0.12,106670,75343,112.8,98.6,1
159157,-0.225,-0.118,4.059,0.12,0.06,-0.12,106677,75346,112.8,98.6,1
159277,-0.204,-0.111,4.048,0.18,0.12,0.00,106777,75411,112.8,98.6,1
159397,-0.211,-0.132,4.085,-1.10,0.37,-0.31,106828,75418,112.8,98.6,1
159518,-0.206,-0.113,4.067,0.92,1.46,0.06,106686,75340,112.8,98.6,1
159638,-0.241,-0.140,4.067,0.00,0.00,0.06,106484,75265,112.8,98.6,1
159758,-0.206,-0.114,4.075,0.24,-0.43,0.12,106518,75311,112.8,98.6,1
159878,-0.238,-0.119,4.052,0.00,1.10,0.12,106543,75354,112.8,98.6,1
159999,-0.208,-0.108,4.067,0.79,1.53,0.43,106584,75347,112.8,98.6,1
160119,-0.246,-0.115,4.082,-0.67,1.04,0.24,106625,75351,112.8,98.6,1
160239,-0.234,-0.104,4.057,0.37,0.43,0.12,106531,75294,112.8,98.6,1
160359,-0.250,-0.116,4.060,-0.49,-0.67,-0.31,106408,75314,112.8,98.6,1
160479,-0.223,-0.108,4.084,-0.49,-1.53,-0.18,106379,75303,112.8,98.6,1
160600,-0.240,-0.112,4.060,-0.06,-0.37,-0.31,106370,75295,112.8,98.6,1
160720,-0.203,-0.116,4.072,0.12,-0.24,-0.18,106459,75320,112.8,98.6,1
160840,-0.217,-0.127,4.065,-0.55,0.55,-0.18,106587,75399,112.8,98.6,1
160960,-0.226,-0.111,4.065,0.61,0.43,-0.06,106455,75334,112.8,98.6,1
161081,-0.228,-0.128,4.060,-0.61,-0.98,-0.37,106269,75263,112.8,98.6,1
161201,-0.194,-0.121,4.076,-0.37,-1.46,-0.12,106263,75256,112.8,98.6,1
161321,-0.213,-0.130,4.053,0.12,0.00,-0.31,106351,75310,112.8,98.6,1
161441,-0.185,-0.112,4.071,0.12,0.24,-0.06,106429,75369,112.8,99.4,1
161562,-0.208,-0.132,4.059,-0.37,1.40,-0.06,106516,75360,112.8,99.4,1
161682,-0.209,-0.118,4.067,0.85,1.53,-0.06,106394,75285,112.8,99.4,1
161802,-0.221,-0.126,4.074,0.00,-0.43,0.00,106282,75261,112.8,99.4,1
161922,-0.197,-0.116,4.083,0.31,0.06,0.24,106371,75323,112.8,99.4,1
162042,-0.237,-0.119,4.055,0.49,0.73,0.24,106421,75347,112.8,99.4,1
162163,-0.211,-0.123,4.081,0.31,0.98,0.31,106507,75352,112.8,99.4,1
162283,-0.236,-0.114,4.014,0.31,3.36,0.43,106641,75365,112.8,99.4,1
162403,-0.260,-0.100,4.060,0.49,0.61,0.24,106599,75368,112.8,99.4,1
162523,-0.241,-0.112,4.073,-0.12,-0.61,-0.18,106553,75374,112.8,99.4,1
162644,-0.217,-0.110,4.063,0.06,-1.40,-0.31,106605,75361,112.8,99.4,1
162764,-0.249,-0.120,4.055,0.00,-0.85,-0.31,106642,75350,112.8,99.4,1
162884,-0.215,-0.117,4.082,0.31,-0.06,-0.18,106775,75388,112.8,99.4,1
163004,-0.241,-0.123,4.041,0.67,2.01,-0.31,106926,75469,112.8,99.4,1
163124,-0.246,-0.117,4.070,-0.06,-0.85,-0.31,106781,75407,112.8,99.4,1
163245,-0.218,-0.123,4.051,0.49,0.00,-0.18,106744,75378,112.8,99.4,1
163365,-0.217,-0.126,4.069,0.18,-0.55,0.06,106818,75365,112.8,99.4,1
163485,-0.217,-0.129,4.074,-0.06,-0.37,-0.18,106944,75451,112.8,99.4,1
163605,-0.204,-0.124,4.057,0.79,0.18,0.12,107037,75471,112.8,99.4,1
163726,-0.224,-0.129,4.075,0.49,1.46,-0.31,107096,75460,112.8,99.4,1
163846,-0.230,-0.114,4.079,0.12,-0.18,-0.18,106956,75393,112.8,99.4,1
163966,-0.225,-0.119,4.051,0.18,0.37,0.06,107004,75404,112.8,99.4,1
164086,-0.229,-0.121,4.075,0.06,0.31,-0.06,107065,75467,112.8,99.4,1
164207,-0.225,-0.115,4.068,0.12,0.43,0.06,107105,75463,112.8,99.4,1
164327,-0.225,-0.121,4.081,0.06,0.85,0.31,107171,75460,112.8,99.4,1
164447,-0.241,-0.127,4.048,-0.06,2.32,0.12,107252,75472,112.8,99.4,1
164567,-0.256,-0.107,4.055,0.67,1.53,0.43,107228,75469,112.8,99.4,1
164687,-0.253,-0.120,4.089,-0.31,0.18,0.18,107176,75465,112.8,99.4,1
164808,-0.242,-0.110,4.068,0.12,-1.04,0.06,107172,75445,112.8,99.4,1
164928,-0.251,-0.107,4.054,-0.24,-0.31,-0.37,107180,75407,112.8,99.4,1
165048,-0.245,-0.121,4.078,0.12,-0.12,-0.06,107268,75471,112.8,99.4,1
165168,-0.246,-0.122,4.088,-0.92,0.00,-0.18,107345,75514,112.8,99.4,1
165289,-0.229,-0.109,4.064,0.43,0.37,-0.31,107259,75433,112.8,99.4,1
165409,-0.262,-0.126,4.045,-0.43,-0.55,-0.49,107096,75367,112.8,100.0,1
165529,-0.211,-0.121,4.085,-0.31,-1.77,0.00,107103,75373,112.8,100.0,1
165649,-0.238,-0.128,4.056,0.06,-0.18,-0.12,107149,75415,112.8,100.0,1
165769,-0.206,-0.112,4.066,0.18,0.12,-0.06,107159,75421,112.8,100.0,1
165890,-0.219,-0.134,4.074,-1.10,0.12,-0.37,107178,75397,112.8,100.0,1
166010,-0.216,-0.119,4.064,0.73,0.92,-0.12,107083,75317,112.8,100.0,1
166130,-0.241,-0.136,4.066,0.12,-0.37,-0.12,106944,75318,112.8,100.0,1
166250,-0.206,-0.123,4.082,-0.37,-0.18,0.06,106901,75327,112.8,100.0,1
166371,-0.236,-0.123,4.062,0.12,1.28,0.00,106855,75296,112.8,100.0,1
166491,-0.224,-0.121,4.059,-0.12,0.73,0.49,106876,75288,112.8,100.0,1
166611,-0.236,-0.125,4.088,0.55,0.79,0.12,106944,75306,112.8,100.0,1
166731,-0.236,-0.112,4.092,0.55,1.83,0.37,106947,75329,112.8,100.0,1
166851,-0.266,-0.118,4.050,0.49,1.28,0.24,106690,75259,112.8,100.0,1
166972,-0.268,-0.102,4.079,-0.24,0.06,0.43,106609,75219,112.8,100.0,1
167092,-0.272,-0.109,4.058,-0.31,-0.49,0.00,106602,75198,112.8,100.0,1
167212,-0.256,-0.115,4.070,-0.31,-0.24,-0.06,106684,75279,112.8,100.0,1
167332,-0.279,-0.128,4.081,0.00,-0.79,-0.37,106720,75302,112.8,100.0,1
167453,-0.244,-0.120,4.094,-0.12,0.43,-0.24,106685,75250,112.8,100.0,1
167573,-0.262,-0.116,4.049,0.06,-0.06,-0.24,106391,75150,112.8,100.0,1
167693,-0.262,-0.118,4.073,-0.43,-1.04,-0.31,106377,75188,112.8,100.0,1
167813,-0.250,-0.124,4.070,-0.18,-0.49,-0.12,106387,75253,112.8,100.0,1
167934,-0.242,-0.118,4.065,-0.49,-0.55,-0.37,106432,75238,112.8,100.0,1
168054,-0.241,-0.140,4.088,0.37,-0.79,-0.18,106474,75243,112.8,100.0,1
168174,-0.224,-0.125,4.102,-0.12,0.61,-0.12,106484,75225,112.8,100.0,1
168294,-0.251,-0.128,4.068,-0.06,0.00,0.00,106285,75221,112.8,100.0,1
168414,-0.249,-0.127,4.070,-0.49,-0.24,-0.31,106238,75216,112.8,100.0,1
168535,-0.250,-0.124,4.061,0.00,0.31,0.00,106234,75215,112.8,100.0,1
168655,-0.233,-0.122,4.066,0.37,0.67,0.31,106325,75211,112.8,100.0,1
168775,-0.243,-0.122,4.054,0.49,0.55,0.37,106458,75310,112.8,100.0,1
168895,-0.274,-0.123,4.056,0.92,2.99,0.31,106546,75335,112.8,100.0,1
169016,-0.282,-0.113,4.069,0.12,0.43,0.12,106340,75256,112.8,100.0,1
169136,-0.264,-0.119,4.042,0.55,2.08,0.37,106265,75224,112.8,100.0,1
169256,-0.267,-0.113,4.054,0.49,0.37,0.18,106388,75268,112.8,100.0,1
169376,-0.290,-0.128,4.069,-0.31,-0.18,-0.18,106484,75339,112.8,100.0,1
169497,-0.271,-0.097,4.046,0.67,0.61,-0.18,106577,75360,112.8,100.0,1
169617,-0.287,-0.116,4.089,0.61,1.53,-0.12,106653,75335,112.8,100.0,1
169737,-0.292,-0.108,4.067,-0.06,-0.31,-0.06,106508,75296,112.8,100.0,1
169857,-0.294,-0.127,4.038,0.12,0.37,-0.12,106557,75363,112.8,100.0,1
169977,-0.283,-0.115,4.063,0.00,-1.10,0.00,106630,75379,112.8,100.0,1
170098,-0.282,-0.127,4.056,-0.12,0.49,-0.06,106706,75376,112.8,100.0,1
170218,-0.272,-0.107,4.044,0.37,0.85,-0.18,106796,75383,112.8,100.0,1
170338,-0.280,-0.112,4.090,0.18,1.40,-0.31,106929,75430,112.8,100.0,1
170458,-0.287,-0.119,4.070,0.00,-1.04,-0.49,106831,75432,112.8,100.0,1
170579,-0.286,-0.123,4.048,0.12,-0.06,-0.37,106820,75398,112.8,100.0,1
170699,-0.276,-0.122,4.064,0.12,-0.98,-0.12,106861,75393,112.8,100.0,1
170819,-0.250,-0.122,4.067,0.00,-0.49,-0.12,106961,75432,112.8,100.0,1
170939,-0.258,-0.124,4.080,0.18,-0.06,-0.18,107091,75490,112.8,100.0,1
171059,-0.255,-0.117,4.007,0.00,1.95,0.06,107170,75511,112.8,100.0,1
171180,-0.265,-0.116,4.067,0.49,0.43,0.00,107085,75441,112.8,100.0,1
171300,-0.259,-0.128,4.079,-0.31,-0.98,-0.24,107048,75397,112.8,100.0,1
171420,-0.240,-0.122,4.067,0.18,-0.55,0.12,107125,75456,112.8,100.0,1
171540,-0.257,-0.122,4.047,0.37,-0.43,0.00,107135,75454,112.8,100.0,1
171661,-0.257,-0.121,4.063,-0.55,-0.12,0.00,107169,75436,112.8,100.0,1
171781,-0.249,-0.139,4.076,0.43,-0.73,0.00,107215,75435,112.8,100.0,1
171901,-0.251,-0.122,4.074,0.00,0.61,-0.06,107262,75425,112.8,100.0,1
172021,-0.266,-0.117,4.055,-0.06,0.06,0.06,107176,75441,112.8,100.0,1
172142,-0.260,-0.131,4.079,-0.73,-1.28,-0.37,107143,75397,112.8,100.0,1
172262,-0.254,-0.119,4.067,-0.12,0.12,-0.12,107158,75386,112.8,100.0,1
172382,-0.241,-0.134,4.083,0.31,0.24,0.00,107205,75391,112.8,100.0,1
172502,-0.249,-0.123,4.022,-0.55,2.08,0.18,107326,75449,112.8,100.0,1
172622,-0.251,-0.115,4.050,0.61,0.55,0.06,107226,75408,112.8,100.0,1
172743,-0.245,-0.123,4.094,-0.31,-0.67,-0.24,107079,75340,112.8,100.0,1
172863,-0.238,-0.131,4.066,0.24,-0.18,0.06,107050,75312,112.8,100.0,1
172983,-0.253,-0.126,4.053,-0.06,-0.12,-0.12,107103,75356,112.8,100.0,1
173103,-0.247,-0.148,4.068,0.49,-0.49,-0.12,107124,75382,112.8,100.0,1
173224,-0.226,-0.130,4.077,0.31,0.73,0.06,107063,75325,112.8,100.0,1
173344,-0.254,-0.138,4.065,0.12,0.12,-0.12,106840,75240,112.8,100.0,1
173464,-0.233,-0.123,4.085,-0.49,-0.98,-0.12,106834,75236,112.8,100.0,1
173584,-0.249,-0.123,4.061,0.00,0.00,-0.24,106845,75303,112.8,100.0,1
173705,-0.229,-0.122,4.071,0.24,-0.12,0.12,106833,75277,112.8,100.0,1
173825,-0.258,-0.137,4.066,0.55,1.10,-0.24,106852,75257,112.8,100.0,1
173945,-0.263,-0.119,4.075,0.00,-0.55,-0.12,106635,75166,112.8,100.0,1
174065,-0.234,-0.137,4.046,0.37,0.24,-0.06,106527,75191,112.8,100.0,1
174185,-0.240,-0.124,4.070,0.06,-0.18,0.00,106515,75197,112.8,100.0,1
174306,-0.245,-0.135,4.062,-0.31,-0.24,-0.18,106506,75199,112.8,100.0,1
174426,-0.223,-0.117,4.067,0.79,0.67,0.31,106541,75193,112.8,100.0,1
174546,-0.217,-0.130,4.113,-0.12,0.00,-0.18,106591,75204,112.8,100.0,1
174666,-0.248,-0.127,4.066,0.31,0.12,-0.12,106344,75187,112.8,100.0,1
174787,-0.250,-0.123,4.064,-0.55,-0.55,-0.24,106256,75161,112.8,100.0,1
174907,-0.239,-0.127,4.071,-0.24,-0.18,-0.06,106233,75159,112.8,100.0,1
175027,-0.226,-0.128,4.064,-0.06,-0.06,-0.18,106285,75192,112.8,100.0,1
175147,-0.224,-0.131,4.050,0.79,0.24,-0.06,106405,75275,112.8,100.0,1
175267,-0.228,-0.131,4.107,0.31,0.18,-0.24,106474,75293,112.8,100.0,1
175388,-0.248,-0.116,4.075,-0.06,-0.06,0.00,106189,75197,112.8,100.0,1
175508,-0.245,-0.133,4.042,0.00,0.06,-0.12,106086,75159,112.8,100.0,1
175628,-0.239,-0.124,4.072,0.06,-0.18,-0.06,106184,75229,112.8,100.0,1
175748,-0.231,-0.129,4.073,0.12,0.18,-0.12,106268,75300,112.8,100.0,1
175869,-0.234,-0.127,4.056,0.00,0.00,0.06,106341,75309,112.8,100.0,1
175989,-0.243,-0.119,4.023,-0.12,1.65,-0.06,106430,75321,112.8,100.0,1
176109,-0.246,-0.121,4.062,0.24,0.31,-0.31,106342,75276,112.8,100.0,1
176229,-0.236,-0.121,4.092,-0.31,-0.73,-0.18,106287,75315,112.8,100.0,1
176349,-0.218,-0.116,4.059,0.31,-0.06,0.18,106315,75327,112.8,100.0,1
176470,-0.245,-0.127,4.061,0.06,-0.24,-0.06,106364,75321,112.8,100.0,1
176590,-0.204,-0.123,4.084,0.49,-0.31,0.06,106496,75339,112.8,100.0,1
176710,-0.246,-0.124,4.022,-0.37,1.71,0.06,106651,75430,112.8,100.0,1
176830,-0.212,-0.124,4.068,0.06,0.67,0.06,106588,75390,112.8,100.0,1
176951,-0.240,-0.134,4.075,0.24,0.24,-0.12,106514,75362,112.8,100.0,1
177071,-0.216,-0.125,4.070,0.67,0.12,0.37,106539,75350,112.8,100.0,1
177191,-0.255,-0.123,4.039,0.18,0.24,-0.18,106668,75390,112.8,100.0,1
177311,-0.226,-0.113,4.063,0.00,0.12,-0.12,106789,75462,112.8,100.0,1
177432,-0.235,-0.123,4.081,-0.49,0.49,-0.12,106865,75465,112.8,95.6,1
177552,-0.224,-0.111,4.060,0.49,0.43,-0.06,106816,75405,112.8,95.6,1
177672,-0.250,-0.137,4.053,-0.24,-0.37,-0.12,106765,75391,112.8,95.6,1
177792,-0.217,-0.123,4.078,0.18,-1.16,-0.06,106860,75453,112.8,95.6,1
177912,-0.243,-0.117,4.053,0.24,0.31,-0.06,106938,75465,112.8,95.6,1
178033,-0.208,-0.119,4.057,0.37,0.49,0.06,107005,75452,112.8,95.6,1
178153,-0.229,-0.146,4.081,-0.24,0.12,-0.18,107074,75434,112.8,95.6,1
178273,-0.222,-0.125,4.067,1.04,2.08,0.18,107117,75470,112.8,95.6,1
178393,-0.238,-0.134,4.046,0.31,0.92,0.18,107079,75464,112.8,95.6,1
178514,-0.242,-0.116,4.083,-0.61,-0.73,0.24,107078,75445,112.8,95.6,1
178634,-0.249,-0.114,4.058,-0.49,-0.79,-0.18,107100,75422,112.8,95.6,1
178754,-0.225,-0.113,4.055,-0.06,0.06,-0.18,107211,75447,112.8,95.6,1
178874,-0.250,-0.139,4.062,-0.37,-0.37,-0.43,107287,75514,112.8,95.6,1
178995,-0.222,-0.119,4.078,0.55,0.67,0.12,107226,75438,112.8,95.6,1
179115,-0.255,-0.135,4.047,-0.37,0.18,0.18,107101,75364,112.8,95.6,1
179235,-0.216,-0.120,4.085,-0.37,-1.65,-0.31,107102,75355,112.8,95.6,1
179355,-0.241,-0.122,4.054,0.12,0.24,-0.06,107148,75400,112.8,95.6,1
179475,-0.222,-0.125,4.060,0.00,0.18,0.00,107154,75386,112.8,95.6,1
179596,-0.239,-0.123,4.081,0.00,0.12,-0.18,107174,75361,112.8,95.6,1
179716,-0.246,-0.119,4.025,0.98,2.69,-0.12,107232,75329,112.8,95.6,1
179836,-0.277,-0.115,4.061,0.06,1.46,0.06,107103,75294,112.8,95.6,1
179956,-0.227,-0.113,4.075,0.49,-0.12,-0.06,106971,75242,112.8,95.6,1
180077,-0.250,-0.118,4.065,0.49,0.61,0.24,106942,75196,112.8,95.6,1
180197,-0.259,-0.118,4.054,0.06,-0.79,-0.18,106913,75157,112.8,95.6,1
180317,-0.231,-0.118,4.036,0.00,0.18,-0.18,106939,75156,112.8,95.6,1
180437,-0.260,-0.134,4.071,0.24,-0.61,-0.37,107014,75200,112.8,95.6,1
180557,-0.200,-0.124,4.111,0.18,0.18,-0.12,106930,75123,112.8,95.6,1
180678,-0.285,-0.123,4.036,0.67,1.95,0.24,106686,74988,112.8,95.6,1
180798,-0.241,-0.110,4.096,-0.85,-0.43,0.12,106627,74922,112.8,95.6,1
180918,-0.274,-0.111,4.061,0.00,1.34,0.49,106630,74954,112.8,95.6,1
181038,-0.257,-0.104,4.047,0.00,-0.06,0.06,106652,74956,112.8,95.6,1
181159,-0.281,-0.135,4.063,0.18,-0.79,-0.18,106687,74930,112.8,95.6,1
181279,-0.255,-0.111,4.089,0.24,-0.24,-0.43,106592,74831,112.8,95.6,1
181399,-0.261,-0.123,4.054,0.06,-0.55,-0.12,106424,74758,112.8,75.0,1
181519,-0.269,-0.111,4.088,-0.79,-0.79,-0.24,106334,74763,112.8,75.0,1
181640,-0.267,-0.113,4.066,0.12,1.04,0.31,106294,74700,112.8,75.0,1
181760,-0.254,-0.112,4.058,0.00,1.28,0.18,106311,74685,112.8,75.0,1
181880,-0.284,-0.139,4.054,0.55,1.22,0.67,106390,74709,112.8,75.0,1
182000,-0.302,-0.107,4.077,0.55,1.95,0.31,106421,74710,112.8,75.0,1
182120,-0.309,-0.107,4.046,0.24,2.08,0.18,106179,74593,112.8,75.0,1
182241,-0.345,-0.102,4.053,-0.73,-1.10,-0.06,106083,74524,112.8,75.0,1
182361,-0.292,-0.110,4.057,-0.31,-0.43,-0.12,106085,74492,112.8,75.0,1
182481,-0.306,-0.116,4.074,-0.49,-0.79,-0.37,106182,74558,112.8,75.0,1
182601,-0.289,-0.103,4.063,0.55,1.04,-0.06,106253,74581,112.8,75.0,1
182722,-0.307,-0.116,4.082,0.18,1.34,-0.12,106272,74534,112.8,75.0,1
182842,-0.306,-0.109,4.071,0.00,0.24,0.18,106032,74398,112.8,75.0,1
182962,-0.318,-0.124,4.035,0.18,0.24,0.06,105975,74372,112.8,75.0,1
183082,-0.303,-0.119,4.063,-0.06,-0.61,-0.06,106027,74414,112.8,75.0,1
183202,-0.299,-0.119,4.069,-0.31,0.12,-0.18,106066,74435,112.8,75.0,1
183323,-0.304,-0.102,4.070,0.92,1.40,0.18,106139,74423,112.8,75.0,1
183443,-0.317,-0.113,4.088,0.79,2.20,0.06,106218,74387,112.8,75.0,1
183563,-0.344,-0.104,4.055,0.37,1.71,0.18,106082,74353,112.8,75.0,1
183683,-0.349,-0.109,4.036,0.85,2.75,0.43,106026,74350,112.8,75.0,1
183804,-0.342,-0.096,4.067,0.06,0.37,0.24,106063,74331,112.8,75.0,1
183924,-0.368,-0.096,4.051,0.18,1.46,0.31,106120,74335,112.8,75.0,1
184044,-0.368,-0.091,4.056,-0.12,-0.37,0.06,106247,74373,112.8,75.0,1
184164,-0.355,-0.099,4.043,-1.53,-0.24,-0.06,106403,74469,112.8,75.0,1
184284,-0.356,-0.087,4.051,-0.12,-0.55,-0.43,106348,74398,112.8,75.0,1
184405,-0.359,-0.103,4.072,-0.37,-0.37,-0.49,106208,74312,112.8,75.0,1
184525,-0.340,-0.099,4.082,-0.85,-1.53,-0.24,106236,74287,112.8,75.0,1
184645,-0.342,-0.105,4.054,-0.12,-0.55,-0.31,106341,74369,112.8,75.0,1
184765,-0.325,-0.105,4.066,0.37,0.06,-0.24,106436,74405,112.8,75.0,1
184886,-0.336,-0.114,4.075,-1.34,-0.31,-0.24,106536,74414,112.8,75.0,1
185006,-0.331,-0.108,4.064,0.43,0.37,-0.06,106497,74358,112.8,75.0,1
185126,-0.341,-0.112,4.062,-0.24,-0.61,-0.18,106459,74322,112.8,75.0,1
185246,-0.312,-0.110,4.085,-0.18,-0.73,-0.12,106525,74394,112.8,75.0,1
185367,-0.329,-0.116,4.032,0.06,0.37,0.06,106555,74376,112.8,75.0,1
185487,-0.319,-0.094,4.051,0.49,1.53,0.37,106643,74388,112.8,81.7,1
185607,-0.343,-0.113,4.038,1.16,2.32,0.31,106734,74410,112.8,81.7,1
185727,-0.351,-0.109,4.022,0.79,2.26,0.37,106877,74499,112.8,81.7,1
185847,-0.380,-0.086,4.038,0.73,1.89,0.49,106835,74456,112.8,81.7,1
185968,-0.379,-0.093,4.037,0.37,1.10,-0.06,106762,74390,112.8,81.7,1
186088,-0.370,-0.089,4.051,-0.18,-0.98,0.06,106751,74364,112.8,81.7,1
186208,-0.384,-0.093,4.045,-0.06,-0.24,-0.06,106847,74413,112.8,81.7,1
186328,-0.366,-0.098,4.064,0.31,-0.61,-0.12,106913,74476,112.8,81.7,1
186449,-0.379,-0.100,4.054,-0.92,-0.18,-0.18,106989,74468,112.8,81.7,1
186569,-0.357,-0.089,4.052,0.37,-0.37,-0.06,106902,74412,112.8,81.7,1
186689,-0.375,-0.102,4.070,-0.49,-0.92,-0.49,106829,74376,112.8,81.7,1
186809,-0.333,-0.102,4.076,-0.85,-1.53,-0.24,106866,74420,112.8,81.7,1
186929,-0.357,-0.110,4.050,0.06,-0.43,-0.18,106882,74417,112.8,81.7,1
187050,-0.333,-0.099,4.026,0.37,0.37,-0.06,106928,74424,112.8,81.7,1
187170,-0.343,-0.100,4.072,-0.79,0.92,-0.12,106951,74418,112.8,81.7,1
187290,-0.343,-0.104,4.057,0.85,1.16,0.06,106963,74415,112.8,81.7,1
187410,-0.360,-0.102,4.042,0.06,0.37,0.06,106841,74403,112.8,81.7,1
187531,-0.369,-0.101,4.079,0.18,0.12,0.06,106765,74373,112.8,81.7,1
187651,-0.375,-0.095,4.032,0.61,1.34,0.12,106747,74377,112.8,81.7,1
187771,-0.358,-0.085,4.046,0.37,0.73,0.31,106781,74393,112.8,81.7,1
187891,-0.374,-0.101,4.014,0.24,0.31,0.18,106890,74482,112.8,81.7,1
188011,-0.361,-0.095,4.062,0.24,0.18,-0.12,106837,74464,112.8,81.7,1
188132,-0.393,-0.093,4.039,-0.37,0.18,-0.12,106635,74386,112.8,81.7,1
188252,-0.379,-0.097,4.075,-0.61,-0.79,-0.18,106555,74372,112.8,81.7,1
188372,-0.367,-0.094,4.052,-0.24,-0.79,-0.18,106587,74406,112.8,81.7,1
188492,-0.336,-0.094,4.075,0.31,0.06,-0.18,106639,74506,112.8,81.7,1
188613,-0.363,-0.101,4.072,-1.16,0.24,-0.18,106688,74512,112.8,81.7,1
188733,-0.366,-0.097,4.053,0.55,0.85,0.00,106582,74465,112.8,81.7,1
188853,-0.367,-0.097,4.055,-0.31,-0.55,-0.24,106411,74434,112.8,81.7,1
188973,-0.350,-0.103,4.081,-0.79,-1.22,-0.12,106418,74513,112.8,81.7,1
189093,-0.365,-0.105,4.029,-0.06,0.06,-0.12,106426,74542,112.8,81.7,1
189214,-0.340,-0.099,4.033,0.43,-0.06,-0.18,106476,74571,112.8,81.7,1
189334,-0.364,-0.110,4.048,-0.61,0.55,-0.31,106518,74596,112.8,81.7,1
189454,-0.346,-0.099,4.058,0.73,1.34,0.18,106496,74588,112.8,96.8,1
189574,-0.373,-0.107,4.050,0.37,1.10,0.24,106320,74601,112.8,96.8,1
189695,-0.347,-0.105,4.089,-0.61,-0.92,0.18,106303,74611,112.8,96.8,1
189815,-0.367,-0.102,4.060,0.31,0.92,0.12,106312,74649,112.8,96.8,1
189935,-0.359,-0.095,4.055,0.06,0.12,0.31,106386,74701,112.8,96.8,1
190055,-0.375,-0.106,4.066,0.31,-0.12,0.24,106521,74804,112.8,96.8,1
190175,-0.353,-0.094,4.072,0.18,0.43,-0.12,106513,74791,112.8,96.8,1
190296,-0.383,-0.110,4.034,-0.49,-0.06,0.06,106300,74735,112.8,96.8,1
190416,-0.383,-0.104,4.053,-0.85,-0.67,-0.24,106242,74721,112.8,96.8,1
190536,-0.362,-0.110,4.063,-0.18,-1.04,-0.37,106328,74814,112.8,96.8,1
190656,-0.331,-0.111,4.061,0.24,0.00,-0.18,106397,74873,112.8,96.8,1
190777,-0.344,-0.119,4.052,-0.85,-0.12,-0.43,106477,74894,112.8,96.8,1
190897,-0.349,-0.101,4.063,0.92,0.85,-0.12,106414,74844,112.8,96.8,1
191017,-0.354,-0.119,4.060,-0.06,0.31,-0.18,106334,74852,112.8,96.8,1
191137,-0.330,-0.107,4.100,-0.61,-1.40,-0.31,106372,74934,112.8,96.8,1
191257,-0.364,-0.111,4.042,0.00,0.24,0.06,106399,74943,112.8,96.8,1
191378,-0.312,-0.106,4.047,0.06,0.12,0.06,106452,74951,112.8,96.8,1
191498,-0.351,-0.123,4.031,0.12,-0.31,-0.43,106580,74990,112.8,96.8,1
191618,-0.345,-0.101,4.054,0.55,1.10,-0.06,106618,75026,112.8,96.8,1
191738,-0.348,-0.114,4.048,0.43,0.55,0.06,106509,74995,112.8,96.8,1
191859,-0.333,-0.107,4.071,-0.61,-1.04,0.12,106504,74986,112.8,96.8,1
191979,-0.334,-0.122,4.055,0.12,0.43,-0.06,106544,74997,112.8,96.8,1
192099,-0.323,-0.112,4.057,-0.31,-0.12,-0.12,106682,75052,112.8,96.8,1
192219,-0.353,-0.109,4.076,0.43,0.73,0.24,106804,75134,112.8,96.8,1
192340,-0.311,-0.112,4.090,0.31,0.49,-0.18,106827,75105,112.8,96.8,1
192460,-0.345,-0.117,4.050,0.06,-0.18,0.06,106712,75051,112.8,96.8,1
192580,-0.351,-0.123,4.042,-0.55,-0.31,-0.24,106748,75064,112.8,96.8,1
192700,-0.344,-0.114,4.070,-0.06,-0.43,-0.18,106814,75125,112.8,96.8,1
192820,-0.330,-0.117,4.064,-0.18,-0.67,-0.24,106897,75149,112.8,96.8,1
192941,-0.312,-0.117,4.060,0.79,0.06,-0.12,106955,75131,112.8,96.8,1
193061,-0.330,-0.120,4.083,0.37,1.65,-0.24,107030,75132,112.8,96.8,1
193181,-0.339,-0.109,4.072,-0.18,-0.61,-0.12,106974,75149,112.8,96.8,1
193301,-0.316,-0.114,4.041,0.00,0.43,-0.31,106930,75144,112.8,96.8,1
193422,-0.331,-0.113,4.047,0.18,-0.37,0.06,106933,75115,112.8,83.7,1
193542,-0.327,-0.116,4.062,0.12,-0.49,-0.06,106967,75095,112.8,83.7,1
193662,-0.303,-0.115,4.057,0.18,0.18,0.00,107101,75176,112.8,83.7,1
193782,-0.332,-0.126,4.081,-0.85,0.37,-0.06,107175,75215,112.8,83.7,1
193903,-0.323,-0.112,4.047,0.85,1.34,0.06,107085,75153,112.8,83.7,1
194023,-0.334,-0.130,4.042,0.00,-0.18,-0.18,106967,75085,112.8,83.7,1
194143,-0.296,-0.119,4.101,-0.24,-0.85,0.12,106981,75088,112.8,83.7,1
194263,-0.331,-0.116,4.057,0.18,0.31,-0.12,107011,75148,112.8,83.7,1
194383,-0.309,-0.108,4.070,0.61,0.24,-0.12,107035,75149,112.8,83.7,1
194504,-0.332,-0.115,4.048,0.49,0.92,-0.24,107047,75132,112.8,83.7,1
194624,-0.332,-0.124,4.027,0.49,1.65,-0.24,107122,75126,112.8,83.7,1
194744,-0.352,-0.111,4.064,-0.12,-0.67,-0.18,106992,75109,112.8,83.7,1
194864,-0.326,-0.110,4.093,0.24,-1.16,-0.24,106853,75075,112.8,83.7,1
194985,-0.299,-0.117,4.049,0.12,-0.85,-0.12,106808,75043,112.8,83.7,1
195105,-0.312,-0.114,4.047,0.12,-0.31,-0.18,106761,75013,112.8,83.7,1
195225,-0.294,-0.120,4.044,0.24,0.06,0.06,106853,75065,112.8,83.7,1
195345,-0.326,-0.124,4.072,-0.73,0.18,-0.18,106889,75104,112.8,83.7,1
195466,-0.306,-0.118,4.045,0.67,1.16,-0.12,106775,75022,112.8,83.7,1
195586,-0.327,-0.139,4.057,0.18,-0.06,-0.12,106547,74938,112.8,83.7,1
195706,-0.297,-0.120,4.077,-0.49,-0.92,-0.18,106501,74944,112.8,83.7,1
195826,-0.320,-0.128,4.048,0.18,-0.06,-0.12,106515,74992,112.8,83.7,1
195946,-0.298,-0.128,4.072,-0.31,-0.43,-0.24,106532,74992,112.8,83.7,1
196067,-0.286,-0.114,4.057,1.04,1.22,0.00,106546,74980,112.8,83.7,1
196187,-0.291,-0.125,4.092,0.31,0.92,-0.06,106591,74938,112.8,83.7,1
196307,-0.319,-0.114,4.062,0.06,0.67,0.24,106373,74916,112.8,83.7,1
196427,-0.319,-0.116,4.039,-0.24,0.43,0.00,106262,74905,112.8,83.7,1
196548,-0.318,-0.117,4.072,0.24,0.73,0.06,106232,74880,112.8,83.7,1
196668,-0.320,-0.119,4.062,-0.18,-0.24,0.06,106242,74869,112.8,83.7,1
196788,-0.307,-0.122,4.045,0.92,-0.06,0.18,106367,74930,112.8,83.7,1
196908,-0.319,-0.122,4.092,0.55,1.04,-0.24,106403,74965,112.8,83.7,1
197029,-0.324,-0.110,4.066,-0.06,-0.55,-0.18,106136,74847,112.8,83.7,1
197149,-0.325,-0.126,4.044,0.18,0.37,0.06,105984,74793,112.8,83.7,1
197269,-0.316,-0.121,4.058,0.12,-0.55,-0.12,106019,74805,112.8,83.7,1
197389,-0.310,-0.121,4.061,0.00,-0.61,-0.18,106101,74887,112.8,83.7,1
