33522,1.004,-0.090,3.950,1.71,-0.31,0.43,90852,262143,42.1,100.0,1
33642,0.987,-0.064,3.972,0.73,0.06,0.61,90692,262143,42.1,100.0,1
33762,1.006,-0.068,3.948,-0.98,0.73,0.00,90841,262143,100.6,100.0,1
33882,0.981,-0.086,3.965,-1.83,1.16,-0.49,90931,262143,100.6,100.0,1
34002,0.983,-0.079,3.920,0.18,1.59,-0.43,91098,262143,100.6,100.0,1
34121,0.996,-0.101,4.007,-1.71,1.71,-0.43,91165,262143,100.6,100.0,1
34241,0.953,-0.134,3.963,-1.16,0.79,-0.85,90659,262143,100.6,100.0,1
34361,0.951,-0.146,3.968,-1.28,-0.12,-0.67,90707,262143,94.4,100.0,1
34481,0.963,-0.149,3.965,-0.92,0.12,0.06,90814,262143,94.4,100.0,1
34601,0.976,-0.146,3.981,-0.18,-0.06,-0.12,90985,262143,94.4,100.0,1
34720,0.946,-0.141,3.924,-0.18,-0.24,-0.24,91162,262143,94.4,100.0,1
34840,1.002,-0.157,3.954,0.18,-0.06,-0.31,90698,262143,94.4,100.0,1
34960,0.999,-0.147,3.983,0.98,1.04,-0.37,90571,262143,94.4,100.0,1
35080,0.986,-0.143,3.956,0.55,0.37,-0.12,90757,262143,84.4,100.0,1
35200,0.978,-0.142,3.972,1.28,-0.24,0.00,90882,262143,84.4,100.0,1
35319,0.979,-0.121,3.999,1.04,-0.73,0.49,91064,262143,84.4,100.0,1
35439,0.991,-0.125,4.000,1.83,0.92,0.31,91245,262143,84.4,100.0,1
35559,0.975,-0.101,3.977,1.34,-0.31,0.55,90686,262143,84.4,100.0,1
35679,0.989,-0.105,3.962,1.46,-0.85,0.73,90685,262143,104.9,100.0,1
35799,0.996,-0.091,3.961,1.04,0.43,0.55,90818,262143,104.9,100.0,1
35918,0.991,-0.096,3.953,-1.28,1.83,-0.24,90961,262143,104.9,100.0,1
36018,0.956,-0.097,3.909,0.49,2.01,-0.43,91114,262143,104.9,100.0,1
36118,0.953,-0.098,3.915,-0.12,0.92,-0.67,91241,262143,104.9,100.0,1
36218,0.972,-0.116,3.977,-0.79,0.85,-0.49,90714,262143,104.9,100.0,1
36318,0.933,-0.134,3.950,-0.79,-0.06,-0.24,90612,262143,89.9,100.0,1
36418,0.971,-0.116,3.976,-0.85,0.43,-0.73,90779,262143,89.9,100.0,1
36518,0.971,-0.138,3.969,-1.04,0.37,-0.18,90833,262143,89.9,100.0,1
36618,0.947,-0.148,3.976,-0.92,0.24,-0.31,90995,262143,89.9,100.0,1
36718,0.962,-0.136,3.997,-0.31,0.00,-0.24,91106,262143,89.9,100.0,1
36818,0.947,-0.161,3.992,0.24,0.12,-0.43,91270,262143,89.9,100.0,1
36918,0.992,-0.151,3.962,0.18,0.37,-0.24,90776,262143,89.9,100.0,1
37018,0.971,-0.137,4.003,0.49,0.31,-0.31,90564,262143,84.0,100.0,1
37118,0.950,-0.145,4.011,0.31,-0.79,-0.06,90716,262143,84.0,100.0,1
37218,0.958,-0.137,3.973,0.79,-0.79,0.31,90787,262143,84.0,100.0,1
37318,0.969,-0.134,3.971,1.10,-0.67,0.31,90897,262143,84.0,100.0,1
37418,0.994,-0.124,3.972,1.46,-1.16,0.43,91075,262143,84.0,100.0,1
37518,0.959,-0.125,3.954,0.92,-1.71,0.55,91197,262143,84.0,100.0,1
37618,0.986,-0.105,3.972,1.89,-0.43,0.67,90855,262143,84.0,100.0,1
37718,0.974,-0.092,3.958,0.06,0.00,0.43,90612,262143,83.4,100.0,1
37818,1.008,-0.113,3.977,-1.10,0.43,-0.55,90715,262143,83.4,100.0,1
37918,1.002,-0.139,3.935,1.59,0.61,-0.73,90756,262143,83.4,100.0,1
38018,0.925,-0.083,4.000,0.73,1.40,-0.12,90861,262143,83.4,100.0,1
38118,0.993,-0.089,3.967,0.61,1.83,-0.61,90995,262143,83.4,100.0,1
38218,0.885,-0.082,3.969,-0.92,2.69,-0.67,91166,262143,83.4,100.0,1
38318,0.934,-0.107,4.036,-2.14,4.94,-3.48,91126,262143,83.4,100.0,1
38418,1.121,-0.133,4.003,-0.43,-2.75,-1.22,90593,262143,83.4,100.0,1
38518,1.148,-0.091,3.906,1.95,-8.48,4.88,90596,262143,79.4,100.0,1
38618,0.906,-0.114,3.937,-0.12,-3.66,1.04,90761,262143,79.4,100.0,1
38718,0.936,-0.085,4.019,0.24,-4.33,0.43,90796,262143,79.4,100.0,1
38818,1.138,-0.062,3.945,1.10,-4.15,-0.85,90988,262143,79.4,100.0,1
38918,1.113,-0.126,3.950,1.34,-5.07,0.67,91145,262143,79.4,100.0,1
39018,1.136,-0.084,3.960,1.28,-1.40,0.79,91095,262143,79.4,100.0,1
39118,1.127,-0.074,3.936,-0.67,0.06,1.04,90700,262143,79.4,100.0,1
39218,1.098,-0.092,3.927,1.65,-0.31,0.98,90684,262143,87.4,100.0,1
39318,1.151,-0.096,3.904,2.08,1.28,0.37,90825,262143,87.4,100.0,1
39418,1.105,-0.033,3.940,0.67,0.67,0.73,90882,262143,87.4,100.0,1
39518,1.105,-0.070,3.943,0.12,0.12,-0.24,90996,262143,87.4,100.0,1
39618,1.118,-0.066,3.948,-1.71,0.98,0.06,91198,262143,87.4,100.0,1
39718,1.110,-0.067,3.936,-0.61,1.83,-0.49,90999,262143,87.4,100.0,1
39818,1.104,-0.078,3.912,-1.10,1.34,-0.31,90531,262143,88.1,100.0,1
39918,1.097,-0.077,3.934,-0.61,-0.61,-0.85,90537,262143,88.1,100.0,1
40018,1.097,-0.078,3.922,-0.92,1.04,-0.73,90682,262143,88.1,100.0,1
40118,1.109,-0.086,3.944,-1.77,1.34,-0.92,90750,262143,88.1,100.0,1
40218,1.074,-0.091,3.903,-0.37,2.14,-1.04,90902,262143,88.1,100.0,1
40318,1.032,-0.082,3.902,0.37,0.49,-0.61,91033,262143,88.1,100.0,1
40418,1.096,-0.094,3.929,0.49,0.79,-0.43,90502,262143,88.1,100.0,1
40518,1.081,-0.104,3.935,0.55,0.73,-0.18,90325,262143,88.1,100.0,1
40618,1.045,-0.092,3.946,-0.12,3.48,0.24,90457,262143,88.1,100.0,1
40718,1.052,-0.124,3.956,-1.28,3.42,0.73,90505,262143,88.1,100.0,1
40818,1.019,-0.109,3.969,-0.24,2.08,0.43,90654,262143,88.1,100.0,1
40918,0.996,-0.091,3.960,-1.16,1.10,0.00,90784,262143,88.1,100.0,1
41018,0.974,-0.078,3.941,0.18,0.06,-0.37,90989,262143,88.1,100.0,1
41118,1.022,-0.135,3.960,-0.37,0.79,-1.16,90580,262143,88.1,100.0,1
41218,1.010,-0.100,3.957,0.00,-0.98,-1.40,90310,262143,88.1,100.0,1
41318,0.984,-0.121,4.012,0.43,-1.95,-1.65,90427,262143,88.1,100.0,1
41418,1.051,-0.105,3.953,1.40,-3.48,-0.98,90546,262143,88.1,100.0,1
41518,1.044,-0.083,3.963,2.69,-3.66,-0.67,90675,262143,88.1,100.0,1
41618,1.097,-0.051,3.935,1.83,-4.03,-0.37,90900,262143,88.1,100.0,1
41718,1.086,-0.051,3.907,1.95,-3.66,-0.24,91050,262143,88.1,100.0,1
41818,1.130,-0.006,3.895,2.44,-3.30,0.24,90750,262143,88.1,100.0,1
41918,1.153,-0.013,3.908,1.59,-2.50,0.00,90532,262143,34.8,100.0,1
42018,1.147,-0.017,3.941,1.83,-1.59,0.98,90710,262143,34.8,100.0,1
42118,1.170,-0.011,3.917,2.32,-0.79,0.79,90744,262143,34.8,100.0,1
42218,1.172,0.010,3.919,1.59,0.55,0.61,90885,262143,34.8,100.0,1
42318,1.175,0.030,3.968,1.40,1.71,1.16,91015,262143,34.8,100.0,1
42418,1.138,0.033,3.797,-0.55,2.50,0.49,91207,262143,34.8,100.0,1
42518,1.128,0.009,3.910,-2.38,5.00,0.85,90772,262143,34.8,100.0,1
42618,1.059,-0.057,3.941,-3.66,2.75,0.24,90412,262143,34.8,100.0,1
42718,1.033,-0.033,3.920,-3.23,3.54,-0.18,90485,262143,34.8,100.0,1
42818,1.114,-0.065,3.971,-1.83,2.01,-0.18,90535,262143,34.8,100.0,1
42918,1.057,-0.080,3.951,-0.31,0.61,-0.37,90613,262143,34.8,100.0,1
43018,1.032,-0.085,4.006,-2.56,-0.49,0.06,90780,262143,34.8,100.0,1
43118,1.084,-0.104,3.967,-1.77,-0.12,-0.31,90887,262143,34.8,100.0,1
43218,1.078,-0.131,3.946,-0.06,0.49,-0.49,90271,262143,34.8,100.0,1
43318,1.058,-0.106,3.950,-0.31,1.10,-0.06,90215,262143,34.8,100.0,1
43418,1.082,-0.134,3.960,-0.73,0.37,-0.24,90412,262143,34.8,100.0,1
43518,1.070,-0.124,3.957,-0.61,0.18,-0.18,90457,262143,34.8,100.0,1
43618,1.055,-0.137,3.961,-0.24,0.37,-0.24,90638,262143,34.8,100.0,1
43718,1.041,-0.146,3.961,-1.59,0.18,0.24,90786,262143,34.8,100.0,1
43818,1.081,-0.138,3.964,-0.18,1.28,-1.04,90571,262143,34.8,100.0,1
43918,1.047,-0.135,3.963,0.98,-1.34,-1.46,90252,262143,34.8,100.0,1
44018,1.095,-0.115,3.917,1.59,-4.03,-1.89,90335,262143,34.8,100.0,1
44118,1.069,-0.089,3.921,2.99,-2.32,-0.61,90463,262143,34.8,100.0,1
44218,1.141,-0.074,3.928,2.20,-4.21,-0.92,90612,262143,34.8,100.0,1
44318,1.153,-0.044,3.928,1.77,-3.11,0.12,90750,262143,34.8,100.0,1
44418,1.119,-0.031,3.903,3.05,-2.20,-0.18,90989,262143,34.8,100.0,1
44518,1.201,-0.005,3.834,3.30,-1.40,0.31,90788,262143,34.8,100.0,1
44618,1.166,-0.001,3.871,1.40,-1.34,0.92,90429,262143,23.6,100.0,1
44718,1.199,-0.007,3.926,1.22,-0.98,1.34,90543,262143,23.6,100.0,1
44818,1.194,0.037,3.924,1.95,0.12,1.28,90660,262143,23.6,100.0,1
44918,1.174,0.009,3.906,0.18,1.22,1.16,90765,262143,23.6,100.0,1
45018,1.186,0.001,3.913,0.43,0.00,0.98,90930,262143,23.6,100.0,1
45118,1.165,0.015,3.871,-1.04,3.23,0.49,91044,262143,23.6,100.0,1
45218,1.160,-0.006,3.931,-3.60,2.81,0.00,90483,262143,23.6,100.0,1
45318,1.093,-0.042,3.874,-3.66,2.20,0.55,90327,262143,23.6,100.0,1
45418,1.128,-0.062,3.948,-0.98,3.23,0.49,90434,262143,23.6,100.0,1
45518,1.105,-0.059,3.944,0.67,2.75,-0.55,90473,262143,23.6,100.0,1
45618,1.117,-0.074,3.976,-1.40,2.93,0.06,90609,262143,23.6,100.0,1
45718,1.063,-0.118,3.945,-1.71,2.44,0.73,90739,262143,23.6,100.0,1
45818,1.066,-0.086,3.962,-0.79,3.60,-0.49,90518,262143,23.6,100.0,1
45918,1.039,-0.093,3.956,-0.49,1.22,0.18,90199,262143,23.6,100.0,1
46018,1.031,-0.103,3.939,-0.37,0.43,-0.18,90199,262143,23.6,100.0,1
46118,1.060,-0.111,3.956,-0.79,0.49,-0.18,90313,262143,23.6,100.0,1
46218,1.039,-0.124,3.955,0.24,0.12,-0.85,90431,262143,23.6,100.0,1
46318,1.051,-0.094,4.009,0.49,0.37,-2.32,90566,262143,23.6,100.0,1
46418,1.021,-0.096,3.933,1.89,-1.71,-2.08,90795,262143,23.6,100.0,1
46518,1.105,-0.069,3.946,2.62,-2.87,-2.14,90429,262143,23.6,100.0,1
46618,1.041,-0.086,3.963,0.73,-3.72,-0.73,90180,262143,23.6,100.0,1
46718,1.139,-0.056,3.949,0.73,-4.27,-0.79,90296,262143,23.6,100.0,1
46818,1.134,-0.027,3.891,2.81,-2.56,-0.73,90413,262143,23.6,100.0,1
46918,1.146,-0.019,3.953,2.50,-2.08,-0.12,90526,262143,23.6,100.0,1
47018,1.187,-0.017,3.920,2.14,-0.55,0.92,90718,262143,23.6,100.0,1
47118,1.160,-0.016,3.895,2.38,0.24,0.55,90893,262143,23.6,100.0,1
47218,1.179,0.000,3.901,1.83,-0.85,0.61,90462,262143,23.6,100.0,1
47318,1.164,0.014,3.899,1.77,-1.16,0.31,90325,262143,22.5,100.0,1
47418,1.205,0.045,3.974,-0.31,0.31,0.43,90478,262143,22.5,100.0,1
47518,1.136,0.014,3.855,-1.04,0.43,0.67,90487,262143,22.5,100.0,1
47618,1.134,-0.007,3.887,-4.09,3.91,1.16,90609,262143,22.5,100.0,1
47718,1.146,-0.046,3.947,-2.50,3.36,0.73,90698,262143,22.5,100.0,1
47818,1.110,-0.072,3.972,-2.44,4.21,0.55,90743,262143,22.5,100.0,1
47918,1.093,-0.078,3.953,-1.04,1.65,-0.31,90288,262143,86.6,100.0,1
48018,1.106,-0.096,3.968,-0.31,3.05,-0.49,90140,262143,86.6,100.0,1
48139,1.072,-0.094,3.943,-0.79,1.10,-0.06,90308,262143,86.6,100.0,1
48259,1.049,-0.104,3.934,-0.55,0.85,-0.12,90398,262143,86.6,100.0,1
48379,1.072,-0.083,3.981,0.73,0.92,-0.12,90594,262143,86.6,100.0,1
48498,1.072,-0.112,3.972,-1.10,0.85,-0.37,90568,262143,86.6,100.0,1
48618,1.030,-0.098,3.962,-0.18,0.18,-0.43,90123,262143,86.6,100.0,1
48738,1.040,-0.103,3.981,-0.55,-0.12,-0.92,90208,262143,86.6,100.0,1
48858,1.074,-0.111,3.942,0.85,-2.14,-1.71,90280,262143,86.6,100.0,1
48978,1.074,-0.081,3.895,1.28,-1.95,-0.92,90532,262143,86.6,100.0,1
49097,1.077,-0.089,3.953,0.12,-2.81,-0.49,90770,262143,86.6,100.0,1
49217,1.126,-0.071,3.919,0.85,-2.20,-0.55,90501,262143,86.6,100.0,1
49337,1.124,-0.076,3.924,0.92,-2.14,0.18,90235,262143,47.1,100.0,1
49457,1.158,-0.045,3.922,1.53,-0.12,0.43,90382,262143,47.1,100.0,1
49577,1.155,-0.006,3.913,1.10,-0.37,0.31,90513,262143,47.1,100.0,1
49696,1.153,-0.017,3.956,1.10,0.18,0.85,90714,262143,47.1,100.0,1
49816,1.157,-0.036,3.868,-0.31,0.67,0.85,90951,262143,47.1,100.0,1
49936,1.141,-0.039,3.901,-0.98,1.95,0.43,90361,262143,47.1,100.0,1
50056,1.136,-0.052,3.937,-2.44,2.75,0.98,90168,262143,47.1,100.0,1
50176,1.119,-0.075,3.932,-2.32,2.56,-0.37,90334,262143,47.1,100.0,1
50295,1.094,-0.097,3.921,-0.24,-0.24,-0.55,90433,262143,47.1,100.0,1
50415,0.676,0.545,3.319,6.96,19.59,-5.86,90593,262143,47.1,100.0,1
50535,-0.506,-0.150,5.145,-0.85,21.36,-4.03,90463,262143,47.1,100.0,1
50655,1.021,-0.018,4.665,16.97,-107.30,29.42,89610,262143,47.1,100.0,1
50775,2.325,-0.355,4.433,67.57,-95.58,26.00,89138,262143,47.1,100.0,1
50894,4.320,-0.733,1.343,133.61,12.08,17.40,89022,262143,47.1,100.0,1
51014,2.325,0.962,0.643,52.73,47.42,-40.04,89236,262143,47.1,100.0,1
51134,2.833,2.291,3.805,14.89,44.25,-45.65,89268,262143,47.1,100.0,1
51254,1.799,2.313,4.126,22.71,26.18,3.23,88707,262143,47.1,100.0,1
51374,0.182,1.361,3.596,63.54,-16.30,5.13,88619,262143,47.1,100.0,1
51494,1.998,2.097,3.407,60.30,-35.89,-42.72,88658,262143,47.1,100.0,1
51613,1.812,2.661,3.065,91.19,-92.65,-54.08,88529,262143,47.1,100.0,1
51733,0.038,4.904,0.981,84.29,-110.17,-0.06,88507,262143,47.1,100.0,1
51853,1.561,3.992,0.706,74.58,-48.71,37.78,88716,262143,47.1,100.0,1
51973,3.128,3.897,-0.282,29.48,-6.29,66.77,88538,262143,47.1,100.0,1
52093,3.516,2.472,-0.372,15.32,-76.23,19.47,88929,262143,47.1,100.0,1
52212,3.682,1.703,-0.638,30.58,-4.21,-5.92,89497,262143,47.1,100.0,1
52332,3.133,2.413,-1.779,38.82,8.24,31.62,89703,262143,47.1,100.0,1
52452,2.934,2.475,-2.089,9.89,0.49,2.87,89905,262143,47.1,100.0,1
52572,3.324,2.909,-1.340,-34.67,25.15,-12.21,89427,262143,47.1,100.0,1
52692,3.056,2.413,-0.949,-33.81,21.12,-4.39,89692,262143,47.1,100.0,1
52811,3.376,2.492,-0.373,-25.27,12.33,-1.10,90066,262143,47.1,100.0,1
52931,2.630,2.636,-0.384,-18.68,7.51,-11.72,90297,262143,47.1,100.0,1
53051,3.194,2.457,-0.344,-0.18,-17.40,-8.67,90462,262143,47.1,100.0,1
53171,3.380,2.876,-0.071,5.31,12.33,3.66,89973,262143,47.1,100.0,1
53291,3.021,2.403,-0.395,-3.72,2.93,-1.83,90341,262143,47.1,100.0,1
53410,3.059,2.815,-0.290,2.93,-2.50,1.16,90635,262143,47.1,100.0,1
53530,2.996,2.725,-0.252,0.43,6.35,0.79,90853,262143,47.1,100.0,1
53650,2.915,2.646,-0.277,-2.14,2.62,1.65,90611,262143,47.1,100.0,1
53770,3.044,2.709,-0.284,-3.05,3.11,-3.91,90299,262143,47.1,100.0,1
53890,3.059,2.667,-0.272,-2.38,1.65,-0.43,90656,262143,47.1,100.0,1
54009,3.045,2.707,-0.229,-0.79,1.59,-0.18,90829,262143,47.1,100.0,1
54129,2.971,2.720,-0.187,-0.24,3.11,-1.28,91112,262143,47.1,100.0,1
54249,3.033,2.697,-0.158,-1.22,0.55,0.61,90435,262143,47.1,100.0,1
54369,3.016,2.685,-0.170,-0.24,1.34,-1.40,90437,262143,47.1,100.0,1
54489,3.034,2.734,-0.161,0.61,0.43,-0.61,90792,262143,47.1,100.0,1
54609,3.071,2.792,-0.180,1.46,-3.78,-1.34,90983,262143,47.1,100.0,1
54728,3.069,2.690,-0.223,1.65,-4.58,1.83,91096,262143,47.1,100.0,1
54848,2.977,2.693,-0.244,3.91,-1.34,-0.55,90570,262143,47.1,100.0,1
54968,2.961,2.736,-0.277,-0.12,-1.40,0.24,90821,262143,47.1,100.0,1
55088,2.996,2.728,-0.291,0.79,0.55,-1.77,90961,262143,47.1,100.0,1
55208,2.971,2.727,-0.289,1.89,0.55,-2.32,91187,262143,47.1,100.0,1
55327,2.937,2.720,-0.290,-1.83,1.89,0.79,90622,262143,47.1,100.0,1
55447,2.989,2.738,-0.261,-1.28,2.01,1.46,90480,262143,47.1,100.0,1
55567,2.993,2.728,-0.239,-2.08,2.81,0.12,90729,262143,47.1,100.0,1
55687,3.057,2.715,-0.259,-0.67,1.77,-0.31,90805,262143,47.1,100.0,1
55807,3.023,2.747,-0.242,0.98,1.16,-1.28,90818,262143,47.1,100.0,1
55926,3.005,2.741,-0.239,-0.31,0.12,0.67,90233,262143,47.1,100.0,1
56046,2.991,2.718,-0.248,0.49,0.92,-0.67,90474,262143,47.1,100.0,1
56166,3.043,2.769,-0.214,0.06,-0.24,-0.37,90667,262143,47.1,100.0,1
56286,2.949,2.738,-0.220,-0.12,0.73,-0.92,90866,262143,47.1,100.0,1
56406,3.015,2.745,-0.202,-0.49,0.00,0.85,90328,262143,47.1,100.0,1
56526,2.986,2.745,-0.205,0.31,0.92,-0.61,90245,262143,47.1,100.0,1
56645,3.006,2.766,-0.197,0.67,0.37,-0.43,90591,262143,47.1,100.0,1
56765,3.024,2.766,-0.213,1.28,-2.62,-1.53,90760,262143,47.1,100.0,1
56885,3.014,2.750,-0.256,3.60,-0.73,-1.71,91070,262143,47.1,100.0,1
57005,2.931,2.732,-0.264,4.94,-3.36,2.08,90425,262143,47.1,100.0,1
57125,2.930,2.751,-0.290,1.46,-1.53,-0.18,90583,262143,47.1,100.0,1
57244,2.968,2.747,-0.343,2.08,-1.04,-0.79,90793,262143,47.1,100.0,1
57364,2.940,2.730,-0.359,1.53,-0.61,-1.89,90976,262143,47.1,100.0,1
57484,2.956,2.780,-0.327,0.55,0.24,0.67,90878,262143,47.1,100.0,1
57604,2.907,2.757,-0.385,-1.65,2.56,2.01,90416,262143,47.1,100.0,1
57724,2.953,2.756,-0.350,-2.87,2.56,0.12,90627,262143,47.1,100.0,1
57843,2.984,2.739,-0.337,-1.04,1.89,0.49,90732,262143,47.1,100.0,1
57963,2.954,2.716,-0.316,-1.83,2.81,-1.10,90940,262143,47.1,100.0,1
58083,2.957,2.762,-0.248,-1.46,0.79,0.00,90523,262143,47.1,100.0,1
58203,2.979,2.732,-0.266,-0.31,0.79,-0.31,90379,262143,47.1,100.0,1
58323,2.976,2.746,-0.220,-0.18,1.04,-0.98,90664,262143,49.7,100.0,1
58442,2.992,2.765,-0.240,-0.31,0.61,-0.12,90792,262143,49.7,100.0,1
58542,2.933,2.754,-0.233,0.00,1.65,-1.10,91054,262143,49.7,100.0,1
58642,3.000,2.765,-0.187,-0.49,0.61,0.18,90658,262143,49.7,100.0,1
58742,2.955,2.767,-0.255,0.12,1.10,-0.49,90434,262143,49.7,100.0,1
58842,2.955,2.758,-0.244,0.37,0.49,-0.67,90623,262143,117.5,100.0,1
58942,2.994,2.818,-0.195,0.06,-0.98,-1.46,90801,262143,117.5,100.0,1
59042,2.968,2.839,-0.273,3.36,-3.66,-4.15,90951,262143,117.5,100.0,1
59142,2.996,2.741,-0.309,2.38,-1.46,-2.75,91315,262143,117.5,100.0,1
59242,2.983,2.730,-0.359,5.74,-0.92,1.59,90910,262143,117.5,100.0,1
59342,2.991,2.862,-0.389,2.32,-1.71,0.92,90738,262143,117.5,100.0,1
59442,2.910,2.816,-0.442,1.59,-0.37,-0.18,90961,262143,117.5,100.0,1
59542,2.836,2.748,-0.353,0.55,1.46,-1.65,91085,262143,117.5,100.0,1
59642,2.850,2.775,-0.306,-0.67,1.65,-0.49,91181,262143,117.5,100.0,1
59742,2.880,2.807,-0.347,0.24,0.98,0.61,91360,262143,117.5,100.0,1
59842,2.858,2.797,-0.330,-1.65,2.56,0.49,90915,262143,117.5,100.0,1
59942,2.896,2.812,-0.320,-3.48,2.01,0.98,90678,262143,117.5,100.0,1
60042,2.890,2.807,-0.331,-1.83,4.15,-2.99,90847,262143,117.5,100.0,1
60142,3.004,2.822,-0.321,-2.14,2.62,-1.34,90934,262143,117.5,100.0,1
60242,2.973,2.822,-0.223,-1.65,1.89,-0.43,91049,262143,117.5,100.0,1
60342,2.907,2.822,-0.240,-0.18,1.22,-1.16,91264,262143,117.5,100.0,1
60442,2.913,2.821,-0.240,-1.04,0.98,1.22,90764,262143,117.5,100.0,1
60542,2.917,2.831,-0.237,0.12,0.67,-0.55,90594,262143,117.5,100.0,1
60642,2.905,2.820,-0.221,-0.18,1.65,-1.16,90805,262143,41.7,100.0,1
60742,2.921,2.832,-0.231,-0.49,0.61,0.06,90931,262143,41.7,100.0,1
60842,2.918,2.836,-0.228,-0.24,0.79,-0.18,91064,262143,41.7,100.0,1
60942,2.896,2.836,-0.219,0.79,0.85,-1.46,91314,262143,41.7,100.0,1
61042,2.926,2.842,-0.250,-0.18,-0.67,0.43,90805,262143,41.7,100.0,1
61142,2.944,2.821,-0.209,1.34,-0.85,-0.49,90640,262143,41.7,100.0,1
61242,2.898,2.853,-0.218,1.71,0.12,-1.46,90856,262143,94.2,100.0,1
61342,2.929,2.839,-0.269,2.14,-2.87,0.49,90990,262143,94.2,100.0,1
61442,2.837,2.957,-0.309,3.17,-0.92,-1.46,91153,262143,94.2,100.0,1
61542,2.876,2.758,-0.281,1.53,-1.10,-1.16,91451,262143,94.2,100.0,1
61642,2.941,2.860,-0.282,2.62,-1.16,0.12,91195,262143,94.2,100.0,1
61742,2.855,2.828,-0.293,1.53,0.49,0.31,90857,262143,121.9,100.0,1
61842,2.852,2.808,-0.314,1.46,-1.83,0.73,91015,262143,121.9,100.0,1
61942,2.856,2.852,-0.370,2.01,-0.67,-1.04,91179,262143,121.9,100.0,1
62042,2.854,2.859,-0.343,-0.73,1.65,0.85,91259,262143,121.9,100.0,1
62142,2.853,2.816,-0.321,-2.62,2.81,1.10,91412,262143,121.9,100.0,1
62242,2.894,2.818,-0.340,-3.78,2.01,1.40,91495,262143,121.9,100.0,1
62342,2.940,2.837,-0.298,-2.26,1.04,0.98,90828,262143,121.9,100.0,1
62442,2.919,2.793,-0.256,-2.20,0.79,-0.18,90831,262143,121.9,100.0,1
62542,2.926,2.816,-0.268,-0.12,1.59,-1.34,91098,262143,121.9,100.0,1
62642,2.903,2.829,-0.271,-0.43,1.59,0.31,91169,262143,121.9,100.0,1
62742,2.904,2.830,-0.245,-1.04,0.79,0.00,91379,262143,121.9,100.0,1
62842,2.861,2.813,-0.278,-0.49,0.49,-0.79,91548,262143,121.9,100.0,1
62942,2.926,2.833,-0.243,-0.85,0.92,0.49,91023,262143,121.9,100.0,1
63042,2.891,2.821,-0.230,-0.73,0.79,0.00,90889,262143,53.1,100.0,1
63142,2.897,2.832,-0.234,-0.12,1.04,-1.04,91114,262143,53.1,100.0,1
63242,2.904,2.846,-0.222,-0.18,0.31,0.06,91197,262143,53.1,100.0,1
63342,2.883,2.838,-0.240,0.79,0.61,-0.73,91387,262143,53.1,100.0,1
63442,2.913,2.849,-0.232,0.37,-0.31,-0.24,91529,262143,53.1,100.0,1
63542,2.934,2.875,-0.214,1.53,-0.79,-1.16,91677,262143,53.1,100.0,1
63642,2.918,2.877,-0.275,1.71,-1.46,-0.18,91109,262143,53.1,100.0,1
63742,2.905,2.784,-0.295,4.09,-0.24,0.98,91110,262143,53.1,100.0,1
63842,2.872,2.830,-0.277,2.69,-0.98,0.43,91337,262143,53.1,100.0,1
63942,2.879,2.821,-0.343,3.11,-0.73,0.37,91433,262143,53.1,100.0,1
64042,2.864,2.829,-0.343,2.99,-1.28,-1.65,91582,262143,53.1,100.0,1
64142,2.882,2.829,-0.329,2.08,-0.73,-0.73,91777,262143,53.1,100.0,1
64242,2.862,2.847,-0.329,0.18,0.49,0.00,91933,262143,53.1,100.0,1
64342,2.828,2.826,-0.379,-1.34,1.28,2.14,91212,262143,53.1,100.0,1
64442,2.907,2.842,-0.350,-4.39,3.72,0.67,91127,262143,53.1,100.0,1
64542,2.895,2.866,-0.287,-2.75,2.38,0.31,91289,262143,53.1,100.0,1
64642,2.913,2.828,-0.278,-2.69,1.95,0.24,91299,262143,53.1,100.0,1
64742,2.953,2.819,-0.246,-0.06,1.16,-1.77,91457,262143,53.1,100.0,1
64842,2.879,2.827,-0.231,-0.67,0.31,0.67,91598,262143,53.1,100.0,1
64942,2.925,2.863,-0.210,0.00,0.98,-0.18,91282,262143,53.1,100.0,1
65042,2.877,2.847,-0.256,1.10,1.46,-1.40,90932,262143,53.1,100.0,1
65142,2.864,2.823,-0.224,0.85,0.06,-0.98,91014,262143,53.1,100.0,1
65242,2.890,2.871,-0.227,-0.49,0.55,0.06,91144,262143,53.1,100.0,1
65342,2.877,2.860,-0.227,-0.31,0.79,-0.55,91251,262143,53.1,100.0,1
65442,2.889,2.859,-0.229,-0.31,0.31,-0.31,91397,262143,53.1,100.0,1
65542,2.851,2.851,-0.210,-0.24,1.59,-0.67,91639,262143,53.1,100.0,1
65642,2.905,2.871,-0.184,-0.37,-0.12,0.55,91176,262143,53.1,100.0,1
65742,2.872,2.875,-0.227,0.24,0.67,-0.79,90795,262143,53.1,100.0,1
65842,2.865,2.859,-0.233,1.89,-0.31,-1.65,90934,262143,53.1,100.0,1
65942,2.956,2.902,-0.301,3.54,-5.25,-0.98,91106,262143,53.1,100.0,1
66042,2.864,2.785,-0.378,0.18,-5.55,3.36,91281,262143,53.1,100.0,1
66142,2.783,2.818,-0.330,6.47,-5.19,5.43,91525,262143,53.1,100.0,1
66242,2.840,2.838,-0.345,1.83,-1.28,-0.79,91712,262143,53.1,100.0,1
66342,2.832,2.782,-0.340,3.30,1.16,-0.73,91186,262143,53.1,100.0,1
66442,2.830,2.850,-0.323,-0.24,0.43,0.85,90961,262143,53.1,100.0,1
66542,2.824,2.800,-0.359,-0.92,1.16,0.00,91134,262143,53.1,100.0,1
66642,2.951,2.861,-0.334,-2.87,5.37,-1.77,91149,262143,53.1,100.0,1
66742,2.815,2.869,-0.329,-3.97,5.43,-4.15,91235,262143,53.1,100.0,1
66842,2.922,2.844,-0.317,-1.16,-0.43,-0.18,91330,262143,53.1,100.0,1
66942,2.915,2.897,-0.278,0.12,0.85,-0.73,91355,262143,53.1,100.0,1
67042,2.854,2.869,-0.256,-1.89,3.30,-0.55,90802,262143,53.1,100.0,1
67142,2.830,2.876,-0.192,-7.39,5.80,-3.72,90776,262143,53.1,100.0,1
67242,2.882,2.878,-0.221,-5.19,2.81,-1.04,90997,262143,53.1,100.0,1
67342,2.844,2.935,-0.157,0.00,-2.08,0.92,91101,262143,53.1,100.0,1
67442,2.808,3.061,-0.162,-3.78,-1.89,-3.42,91250,262143,53.1,100.0,1
67542,2.881,3.187,0.146,-20.32,-10.13,-6.41,91446,262143,53.1,100.0,1
67642,2.506,3.703,-0.100,-16.85,2.38,-10.38,91202,262143,53.1,100.0,1
67742,2.785,3.917,0.433,-37.05,31.19,-6.96,90589,262143,53.1,100.0,1
67842,2.640,3.840,1.024,-89.60,11.35,-10.50,90533,262143,53.1,100.0,1
67942,3.185,3.604,1.238,-167.91,40.83,-19.59,90535,262143,53.1,100.0,1
68042,1.957,-0.112,0.409,-138.24,64.58,-30.15,90530,262143,53.1,100.0,1
68142,2.767,1.842,1.527,-52.49,45.10,-5.62,90632,262143,53.1,100.0,1
68242,1.405,3.081,2.217,-18.98,69.89,2.69,90802,262143,53.1,100.0,1
68342,1.248,1.864,4.649,-36.99,60.61,-3.66,90254,262143,53.1,100.0,1
68442,-0.470,0.381,4.098,-40.16,25.15,-7.26,89983,262143,53.1,100.0,1
68542,0.812,0.379,3.753,7.02,42.05,-9.40,90007,262143,53.1,100.0,1
68642,0.766,1.516,4.007,3.54,51.15,-1.77,90094,262143,53.1,100.0,1
68742,0.339,1.484,3.718,-14.95,39.06,13.67,90181,262143,53.1,100.0,1
68842,-0.284,1.010,3.860,-21.67,15.20,22.89,90263,262143,53.1,100.0,1
68942,-0.418,0.778,4.377,-26.18,10.68,1.46,90290,262143,53.1,100.0,1
69042,-1.340,0.287,3.943,-8.00,-31.19,16.72,89821,262143,53.1,100.0,1
69142,0.582,0.559,3.659,11.60,-44.01,-2.14,89816,262143,53.1,100.0,1
69242,1.467,0.594,4.389,-3.36,-9.03,-1.22,90106,262143,53.1,100.0,1
69342,0.582,0.776,4.014,-4.15,7.51,0.06,90304,262143,53.1,100.0,1
69442,-0.178,1.019,3.729,-10.19,2.99,0.37,90453,262143,53.1,100.0,1
69542,0.317,0.822,4.010,8.18,-7.39,-3.30,90609,262143,53.1,100.0,1
69642,0.774,0.839,3.921,3.05,2.56,-6.41,90482,262143,53.1,100.0,1
69742,0.600,0.747,4.071,-4.27,-0.24,-4.09,90191,262143,53.1,100.0,1
69842,0.606,0.359,3.978,1.34,5.19,0.98,90459,262143,53.1,100.0,1
69942,0.622,0.705,4.000,-0.24,3.78,7.75,90827,262143,53.1,100.0,1
70042,0.184,0.956,3.882,3.30,0.18,1.83,90928,262143,53.1,100.0,1
70142,0.382,0.886,3.906,-0.55,0.92,-3.23,91149,262143,53.1,100.0,1
70242,0.575,0.733,3.972,-0.92,-0.12,-0.79,91280,262143,53.1,100.0,1
70342,0.481,0.686,3.950,-2.56,0.85,-1.40,90652,262143,53.1,100.0,1
70442,0.380,0.680,3.931,0.37,0.12,0.67,90820,262143,53.1,100.0,1
70542,0.395,0.749,3.955,0.24,-0.49,1.10,91118,262143,53.1,100.0,1
70642,0.472,0.778,3.966,-0.24,0.06,-0.43,91202,262143,53.1,100.0,1
70742,0.463,0.731,3.898,0.31,0.12,-0.31,91406,262143,53.1,100.0,1
70863,0.421,0.725,3.974,0.31,-0.12,0.12,91056,262143,53.1,100.0,1
70983,0.431,0.741,3.968,-0.31,-0.43,0.24,90841,262143,53.1,100.0,1
71103,0.432,0.732,3.970,-0.43,0.12,0.06,91148,262143,53.1,100.0,1
71222,0.432,0.704,3.953,-0.79,0.37,-0.12,91300,262143,53.1,100.0,1
71342,0.447,0.726,3.940,0.06,-0.43,-0.06,91462,262143,53.1,100.0,1
71462,0.481,0.722,3.970,-0.24,0.55,-0.12,91526,262143,53.1,100.0,1
71582,0.410,0.721,3.959,-0.18,0.55,-0.12,90836,262143,53.1,100.0,1
71702,0.417,0.700,3.967,-0.67,0.31,-0.06,91056,262143,53.1,100.0,1
71821,0.430,0.702,3.963,-0.55,-0.06,0.06,91212,262143,53.1,100.0,1
71941,0.440,0.720,3.983,-0.55,-0.43,0.12,91367,262143,53.1,100.0,1
72061,0.472,0.704,3.964,0.06,1.10,-0.37,91440,262143,53.1,100.0,1
72181,0.410,0.711,3.979,-0.18,0.37,-0.12,90680,262143,53.1,100.0,1
72301,0.419,0.692,3.974,-0.61,0.06,-0.24,90829,262143,53.1,100.0,1
72420,0.439,0.703,3.989,0.55,-1.28,-0.67,90977,262143,53.1,100.0,1
72540,0.663,0.805,4.077,3.78,-16.11,-0.67,91152,262143,53.1,100.0,1
72660,0.675,0.741,3.821,4.82,-6.65,2.26,91362,262143,53.1,100.0,1
72780,0.663,0.778,3.935,0.92,-3.17,1.77,90588,262143,53.1,100.0,1
72900,0.572,0.733,3.820,0.73,-1.89,2.44,90660,262143,53.1,100.0,1
73019,0.638,0.824,3.894,2.20,-0.12,3.30,90815,262143,53.1,100.0,1
73139,0.662,0.819,3.844,1.10,1.22,1.53,90948,262143,53.1,100.0,1
73259,0.711,0.824,3.839,0.85,2.26,0.24,91091,262143,53.1,100.0,1
73379,0.546,0.785,3.907,-4.21,5.98,0.00,90342,262143,53.1,100.0,1
73499,0.572,0.744,3.830,-2.75,3.30,0.73,90315,262143,53.1,100.0,1
73618,0.505,0.739,3.974,-2.81,4.94,-0.85,90467,262143,53.1,100.0,1
73738,0.581,0.728,3.963,-1.89,2.56,-1.22,90562,262143,53.1,100.0,1
73858,0.549,0.719,3.917,-0.79,2.14,-1.10,90721,262143,53.1,100.0,1
73978,0.543,0.702,3.984,-1.34,3.78,-1.65,90116,262143,53.1,100.0,1
74098,0.456,0.680,4.007,-0.55,2.38,-0.85,90239,262143,53.1,100.0,1
74217,0.456,0.686,3.994,0.85,0.67,-3.60,90421,262143,53.1,100.0,1
74337,0.438,0.714,3.944,0.12,0.37,-0.67,90564,262143,53.1,100.0,1
74457,0.454,0.670,3.963,-0.55,0.85,-0.73,90641,262143,53.1,100.0,1
74577,0.424,0.683,3.989,-0.85,0.18,-1.10,90138,262143,53.1,100.0,1
74697,0.419,0.673,3.977,-0.24,-0.43,-0.49,90378,262143,53.1,100.0,1
74816,0.431,0.671,3.969,0.12,-0.24,-0.37,90515,262143,53.1,100.0,1
74936,0.476,0.714,4.122,8.12,-1.77,-3.97,90716,262143,53.1,100.0,1
75056,0.497,0.814,3.998,4.76,-10.93,0.55,90769,262143,53.1,100.0,1
75176,0.605,0.777,3.709,1.10,-8.18,3.54,90377,262143,53.1,100.0,1
75296,0.580,0.741,3.908,-0.24,-0.37,1.22,90568,262143,53.1,100.0,1
75416,0.620,0.737,3.941,1.77,-1.95,0.73,90687,262143,53.1,100.0,1
75535,0.654,0.800,3.875,2.01,0.43,1.53,90868,262143,53.1,100.0,1
75655,0.648,0.801,3.877,1.46,1.46,0.79,90964,262143,53.1,100.0,1
75775,0.600,0.795,3.877,-0.24,0.79,0.43,90437,262143,53.1,100.0,1
75895,0.604,0.775,3.883,1.40,0.61,0.73,90544,262143,53.1,100.0,1
76015,0.600,0.760,3.905,-1.83,2.93,0.98,90658,262143,53.1,100.0,1
76134,0.533,0.807,3.911,-0.92,6.10,-0.37,90781,262143,53.1,100.0,1
76254,0.423,0.725,3.938,-4.21,6.90,-1.77,90910,262143,53.1,100.0,1
76374,0.563,0.710,3.951,-2.38,2.87,-0.92,90396,262143,53.1,100.0,1
76494,0.498,0.702,3.947,-0.79,3.97,-1.83,90508,262143,53.1,100.0,1
76614,0.482,0.709,4.008,-0.37,2.44,-1.40,90631,262143,53.1,100.0,1
76733,0.433,0.713,3.968,-0.67,1.77,-0.43,90825,262143,53.1,100.0,1
76853,0.409,0.705,4.010,0.55,0.43,-1.34,90964,262143,53.1,100.0,1
76973,0.416,0.694,3.970,-0.67,0.37,-0.67,90487,262143,53.1,100.0,1
77093,0.405,0.682,3.993,-0.61,-0.61,-0.49,90656,262143,35.3,100.0,1
77213,0.431,0.676,3.968,-0.79,0.00,-0.24,90791,262143,35.3,100.0,1
77333,0.428,0.668,3.992,-0.24,-0.37,-0.31,90964,262143,35.3,100.0,1
77452,0.401,0.677,3.966,0.00,-0.67,-0.37,91155,262143,35.3,100.0,1
77572,0.448,0.668,3.963,0.06,-0.73,-0.18,90648,262143,35.3,100.0,1
77692,0.446,0.661,3.955,0.79,1.46,-0.43,90685,262143,35.3,100.0,1
77812,0.504,0.680,4.002,3.48,-0.85,-1.46,90862,262143,35.3,100.0,1
77932,0.426,0.720,3.990,4.21,-5.31,-0.18,91092,262143,35.3,100.0,1
78051,0.602,0.745,3.854,6.35,-4.88,-0.12,91322,262143,35.3,100.0,1
78171,0.535,0.735,3.932,2.50,-1.40,0.55,91308,262143,35.3,100.0,1
78291,0.488,0.789,3.928,0.85,-1.34,1.71,90890,262143,35.3,100.0,1
78411,0.604,0.800,3.929,1.83,-0.18,1.16,91044,262143,35.3,100.0,1
78531,0.559,0.818,3.954,2.26,-0.49,1.16,91131,262143,35.3,100.0,1
78650,0.514,0.802,3.945,2.87,3.11,0.24,91297,262143,35.3,100.0,1
78770,0.537,0.814,3.867,-1.77,0.92,0.12,91475,262143,35.3,100.0,1
78890,0.540,0.800,3.906,-3.60,5.25,0.06,90931,262143,35.3,100.0,1
79010,0.375,0.728,3.825,-6.23,7.45,0.12,90817,262143,35.3,100.0,1
79130,0.486,0.749,3.986,-2.50,2.62,-0.92,90936,262143,35.3,100.0,1
79250,0.428,0.736,3.925,-1.77,1.65,-0.61,91049,262143,35.3,100.0,1
79369,0.395,0.670,3.927,-2.87,1.59,-1.04,91216,262143,35.3,100.0,1
79489,0.424,0.697,4.027,-0.92,0.12,-0.49,90895,262143,35.3,100.0,1
79609,0.418,0.690,3.992,-1.22,-0.37,-0.49,90683,262143,35.3,100.0,1
79729,0.398,0.748,3.993,2.26,-0.31,-0.67,90845,262143,35.3,100.0,1
79849,0.398,0.666,3.914,-4.03,-0.98,-2.20,90946,262143,35.3,100.0,1
79968,0.456,0.714,3.980,2.99,-1.16,-2.99,91051,262143,35.3,100.0,1
80088,0.301,0.305,4.033,8.30,8.24,-4.21,91153,262143,35.3,100.0,1
80208,0.753,0.872,3.966,-2.26,-4.33,-13.98,90574,262143,35.3,100.0,1
80328,0.455,0.870,3.943,-0.85,16.48,15.99,90601,262143,35.3,100.0,1
80448,1.405,0.845,4.212,-1.95,62.74,33.94,90626,262143,35.3,100.0,1
80567,-0.700,0.725,4.281,-51.09,59.75,83.07,90610,262143,35.3,100.0,1
80687,-2.137,0.363,4.201,-125.73,97.66,32.10,89897,262143,35.3,100.0,1
80807,-2.563,-1.219,2.562,-169.01,-11.96,-41.56,88213,262143,35.3,100.0,1
80927,-0.699,-2.169,3.852,-63.17,-165.89,-148.38,88285,262143,35.3,100.0,1
81047,4.440,-2.937,5.762,-70.07,-24.72,-93.02,88710,262143,35.3,100.0,1
81166,0.165,-1.537,1.122,-39.61,-29.48,-52.06,89421,262143,35.3,100.0,1
81286,3.973,-3.065,2.958,-12.70,-43.33,-16.36,89876,262143,35.3,100.0,1
81406,2.357,-3.461,3.002,83.25,-23.68,18.68,90213,262143,35.3,100.0,1
81526,1.787,-2.918,2.580,-66.41,15.08,28.75,89542,262143,35.3,100.0,1
81646,1.258,-3.575,2.006,11.96,17.40,7.02,89348,262143,35.3,100.0,1
81765,1.306,-3.364,2.445,1.10,23.86,15.20,89289,262143,35.3,100.0,1
81865,1.099,-3.150,2.551,2.50,3.97,9.09,89145,262143,35.3,100.0,1
81965,1.137,-3.118,2.597,4.09,-1.65,0.43,89232,262143,35.3,100.0,1
82065,1.212,-2.986,2.542,8.91,-1.10,-1.95,88815,262143,35.3,100.0,1
82165,1.341,-3.009,2.641,4.33,-1.53,-0.55,88683,262143,35.3,100.0,1
82265,1.195,-2.966,2.547,-1.34,-1.10,4.82,88868,262143,35.3,100.0,1
82365,1.192,-3.104,2.593,-1.40,-2.01,4.88,88931,262143,35.3,100.0,1
82465,1.207,-3.102,2.566,-2.08,-1.46,4.09,89034,262143,35.3,100.0,1
82565,1.181,-3.112,2.595,-1.22,-0.98,2.50,89131,262143,35.3,100.0,1
82665,1.170,-3.148,2.561,0.12,-0.73,0.55,88750,262143,35.3,100.0,1
82765,1.156,-3.109,2.545,0.92,-1.28,-0.31,88682,262143,35.3,100.0,1
82865,1.188,-3.081,2.531,1.28,0.00,-2.20,88898,262143,35.3,100.0,1
82965,1.193,-3.101,2.566,1.34,-0.67,-1.04,88971,262143,35.3,100.0,1
83065,1.204,-3.065,2.566,0.06,-0.43,-0.24,89106,262143,35.3,100.0,1
83165,1.175,-3.102,2.563,-0.31,0.37,0.00,89238,262143,35.3,100.0,1
83265,1.211,-3.084,2.578,-0.49,0.06,0.92,88797,262143,35.3,100.0,1
83365,1.206,-3.092,2.558,-0.85,0.43,0.31,88711,262143,35.3,100.0,1
83465,1.198,-3.083,2.555,0.61,0.24,-0.06,88926,262143,35.3,100.0,1
83565,1.197,-3.096,2.559,-0.31,0.12,0.12,89018,262143,35.3,100.0,1
83665,1.207,-3.094,2.575,-0.24,0.85,0.37,89153,262143,35.3,100.0,1
83765,1.167,-3.094,2.538,0.98,1.83,0.18,89290,262143,35.3,100.0,1
83865,1.179,-3.113,2.567,-1.59,1.22,2.14,88807,262143,35.3,100.0,1
83965,1.163,-3.084,2.548,-1.28,0.31,1.89,88738,262143,35.3,100.0,1
84065,1.149,-3.115,2.552,-0.55,0.06,1.77,88984,262143,35.3,100.0,1
84165,1.156,-3.130,2.549,-1.71,0.55,2.50,89049,262143,35.3,100.0,1
84265,1.136,-3.142,2.556,-1.46,-0.06,2.14,89220,262143,35.3,100.0,1
84365,1.100,-3.164,2.536,-0.12,0.61,1.22,89347,262143,35.3,100.0,1
84465,1.107,-3.180,2.507,-1.16,0.73,2.26,88818,262143,35.3,100.0,1
84565,1.087,-3.154,2.512,-1.16,0.24,1.65,88732,262143,116.0,100.0,1
84665,1.084,-3.167,2.505,-0.43,-0.67,0.43,88942,262143,116.0,100.0,1
84765,1.099,-3.193,2.505,-0.67,-0.43,-0.18,88974,262143,116.0,100.0,1
84865,1.114,-3.189,2.522,0.31,-0.61,-0.98,89093,262143,116.0,100.0,1
84965,1.092,-3.181,2.470,0.00,-0.79,-1.53,89196,262143,116.0,100.0,1
85065,1.143,-3.174,2.538,-0.55,-1.28,-1.10,88740,262143,116.0,100.0,1
85165,1.121,-3.158,2.495,0.79,-0.24,0.24,88591,262143,116.0,100.0,1
85265,1.136,-3.146,2.529,0.92,0.12,-1.10,88755,262143,116.0,100.0,1
85365,1.154,-3.164,2.517,-0.18,0.06,-0.55,88858,262143,116.0,100.0,1
85465,1.127,-3.179,2.489,0.49,0.37,0.00,88984,262143,116.0,100.0,1
85565,1.128,-3.156,2.495,0.43,0.24,-0.31,89104,262143,116.0,100.0,1
85665,1.150,-3.133,2.523,1.10,0.00,-0.55,89094,262143,116.0,100.0,1
85765,1.129,-3.155,2.516,-0.61,0.85,0.18,88617,262143,116.0,100.0,1
85865,1.133,-3.143,2.507,0.43,0.55,0.06,88648,262143,116.0,100.0,1
85965,1.153,-3.160,2.535,-0.85,0.61,0.24,88831,262143,49.1,100.0,1
86065,1.138,-3.157,2.506,-0.98,0.73,0.98,88920,262143,49.1,100.0,1
86165,1.118,-3.181,2.486,-0.85,0.85,1.83,89047,262143,49.1,100.0,1
86265,1.087,-3.182,2.485,-0.31,0.61,1.16,89238,262143,49.1,100.0,1
86365,1.131,-3.168,2.518,-0.79,0.18,1.65,89127,262143,49.1,100.0,1
86465,1.078,-3.173,2.502,-0.98,0.43,1.95,88663,262143,108.8,100.0,1
86565,1.076,-3.193,2.496,-0.24,-0.37,1.34,88750,262143,108.8,100.0,1
86665,1.084,-3.211,2.492,-1.16,0.18,1.83,88940,262143,108.8,100.0,1
86765,1.065,-3.211,2.467,-1.40,-0.12,1.16,89002,262143,108.8,100.0,1
86865,1.066,-3.219,2.469,-0.37,0.18,0.12,89138,262143,108.8,100.0,1
86965,1.075,-3.223,2.469,-0.73,0.24,-0.55,89243,262143,108.8,100.0,1
87065,1.061,-3.233,2.433,-0.92,-0.18,-0.31,88748,262143,100.9,100.0,1
87165,1.074,-3.205,2.463,1.28,-0.18,-1.10,88631,262143,100.9,100.0,1
87265,1.083,-3.199,2.478,1.34,-0.18,-1.53,88822,262143,100.9,100.0,1
87365,1.101,-3.199,2.487,-0.06,-0.61,-1.04,88883,262143,100.9,100.0,1
87465,1.108,-3.190,2.479,0.85,-0.49,-0.98,89019,262143,100.9,100.0,1
87565,1.116,-3.190,2.502,0.85,-0.24,-0.98,89119,262143,100.9,100.0,1
87665,1.105,-3.179,2.450,1.65,0.73,-0.61,89297,262143,100.9,100.0,1
87765,1.129,-3.191,2.525,-0.18,0.24,0.00,88791,262143,100.9,100.0,1
87865,1.094,-3.198,2.470,-0.18,0.61,-0.31,88611,262143,81.1,100.0,1
87965,1.114,-3.181,2.484,0.85,0.73,-0.67,88795,262143,81.1,100.0,1
88065,1.124,-3.186,2.515,-0.61,1.59,0.55,88916,262143,81.1,100.0,1
88165,1.102,-3.181,2.490,-0.31,0.73,1.10,89029,262143,81.1,100.0,1
88265,1.103,-3.188,2.509,-1.04,0.37,1.22,89213,262143,81.1,100.0,1
88365,1.081,-3.189,2.481,0.06,1.22,0.61,89329,262143,81.1,100.0,1
88465,1.087,-3.224,2.506,-2.32,1.40,0.37,88843,262143,81.1,100.0,1
88565,1.085,-3.195,2.455,-2.38,-0.06,0.61,88692,262143,87.5,100.0,1
88665,1.076,-3.216,2.451,-1.46,0.00,1.10,88908,262143,87.5,100.0,1
88765,1.068,-3.257,2.449,-1.95,0.31,1.71,88949,262143,87.5,100.0,1
88865,1.063,-3.234,2.438,-1.16,0.37,1.40,89077,262143,87.5,100.0,1
88965,1.050,-3.259,2.445,-1.16,0.18,1.40,89178,262143,87.5,100.0,1
89065,1.045,-3.237,2.419,-0.61,0.31,0.49,89331,262143,87.5,100.0,1
89165,1.067,-3.251,2.455,-0.49,-0.24,-0.37,88899,262143,87.5,100.0,1
89265,1.033,-3.260,2.400,1.40,-0.85,-1.16,88657,262143,88.2,100.0,1
89365,1.053,-3.256,2.423,1.89,-0.73,-1.22,88771,262143,88.2,100.0,1
89465,1.079,-3.242,2.453,1.22,-0.67,-1.53,88880,262143,88.2,100.0,1
89565,1.090,-3.236,2.432,0.98,0.37,-1.28,88970,262143,88.2,100.0,1
89665,1.109,-3.284,2.436,2.01,0.31,-2.01,89149,262143,88.2,100.0,1
89765,1.053,-3.365,2.497,-4.33,0.37,-7.08,89326,262143,88.2,100.0,1
89865,1.043,-3.722,2.996,-39.86,19.78,-3.91,88955,262143,88.2,100.0,1
89965,0.316,-3.686,2.021,-81.30,-25.15,-21.18,88967,262143,88.2,100.0,1
90065,1.190,-4.219,1.531,-4.88,-23.25,-17.52,89140,262143,76.3,100.0,1
90165,1.719,-4.684,2.078,6.23,2.01,-52.43,89145,262143,76.3,100.0,1
90265,2.400,-3.852,1.374,106.87,-17.33,-37.84,89212,262143,76.3,100.0,1
90365,2.881,-2.014,1.060,154.85,40.77,0.85,89353,262143,76.3,100.0,1
90465,2.204,-0.582,1.128,121.22,65.73,24.84,89574,262143,76.3,100.0,1
90565,2.165,-0.743,2.556,63.35,37.78,14.04,89183,262143,76.3,100.0,1
90665,1.282,-0.493,5.490,20.02,31.74,-8.42,88969,262143,76.3,100.0,1
90765,-0.790,-0.582,5.050,14.89,25.76,-8.48,89046,262143,76.3,100.0,1
90865,0.309,-0.251,3.729,11.35,56.21,19.17,89279,262143,76.3,100.0,1
90965,1.373,-1.667,4.513,9.22,55.36,10.93,89416,262143,76.3,100.0,1
91065,-0.090,-0.374,4.145,22.89,98.14,-21.18,89472,262143,76.3,100.0,1
91165,-0.894,0.113,3.983,34.79,106.51,-24.96,89506,262143,76.3,100.0,1
91265,-2.343,0.971,3.413,37.54,34.42,-38.70,88869,262143,76.3,100.0,1
91365,-1.933,0.186,3.141,3.72,-56.40,5.74,88899,262143,76.3,100.0,1
91465,-1.476,0.098,4.359,-31.43,-135.44,8.48,89094,262143,76.3,100.0,1
91565,2.433,-0.008,4.792,-23.25,-58.17,7.63,89164,262143,76.3,100.0,1
91665,0.195,-0.125,3.735,11.78,23.56,-5.92,89440,262143,76.3,100.0,1
91765,-0.605,-0.153,4.170,0.61,-2.87,14.04,89733,262143,76.3,100.0,1
91865,0.189,0.044,3.964,2.14,-24.41,8.12,89712,262143,76.3,100.0,1
91965,-0.046,-0.186,4.145,6.71,-12.21,-10.19,89402,262143,35.2,100.0,1
92065,-0.028,-0.080,4.060,-10.01,5.74,-8.24,89714,262143,35.2,100.0,1
92165,0.313,-0.278,4.117,-0.43,2.99,-5.68,89903,262143,35.2,100.0,1
92265,-0.033,-0.158,4.037,6.53,-1.28,6.65,90157,262143,35.2,100.0,1
92365,0.149,-0.056,4.015,1.95,-4.64,5.37,90327,262143,35.2,100.0,1
92465,0.107,0.062,4.126,4.64,2.32,0.00,90277,262143,35.2,100.0,1
92565,0.008,0.050,4.001,-7.39,2.50,-3.48,89899,262143,35.2,100.0,1
92665,0.115,-0.128,4.095,-6.41,0.24,-2.50,90135,262143,35.2,100.0,1
92765,0.116,-0.167,4.039,0.12,-0.67,0.00,90236,262143,35.2,100.0,1
92865,0.041,-0.081,4.065,1.22,-3.60,1.40,90343,262143,35.2,100.0,1
92965,0.103,-0.097,4.033,-0.61,-1.95,0.61,90472,262143,35.2,100.0,1
93065,0.188,-0.092,4.077,1.59,0.31,-0.31,90227,262143,35.2,100.0,1
93165,0.152,-0.076,4.089,0.73,-0.85,-0.67,89860,262143,35.2,100.0,1
93265,0.134,-0.107,4.080,-0.49,0.06,-0.18,90047,262143,35.2,100.0,1
93365,0.148,-0.093,4.085,-0.18,0.31,0.06,90207,262143,35.2,100.0,1
93465,0.126,-0.077,4.090,0.43,0.37,-0.06,90322,262143,35.2,100.0,1
93565,0.117,-0.086,4.039,-1.53,2.44,0.06,90469,262143,35.2,100.0,1
93665,0.191,-0.084,4.064,1.46,3.17,-0.73,90073,262143,35.2,100.0,1
93786,0.151,-0.080,4.158,1.04,0.06,-2.75,89891,262143,35.2,100.0,1
93906,0.194,-0.064,4.090,2.20,-7.26,-1.28,90132,262143,35.2,100.0,1
94026,0.196,-0.070,4.098,2.08,-9.77,-0.06,90335,262143,35.2,100.0,1
94145,0.208,-0.076,4.015,-1.28,-7.51,-0.37,90555,262143,35.2,100.0,1
94265,0.400,-0.059,4.025,1.65,-3.97,2.32,90162,262143,35.2,100.0,1
94385,0.321,-0.019,3.919,0.55,-1.22,1.53,89944,262143,35.2,100.0,1
94505,0.251,-0.043,4.047,-0.43,1.95,0.85,90161,262143,35.2,100.0,1
94625,0.280,-0.027,4.048,-0.55,1.71,1.16,90244,262143,35.2,100.0,1
94744,0.288,-0.016,4.031,-3.23,2.87,0.18,90394,262143,35.2,100.0,1
94864,0.285,-0.075,4.118,-2.99,1.04,0.43,89846,262143,35.2,100.0,1
94984,0.274,-0.092,4.093,-1.22,3.48,-0.43,89682,262143,35.2,100.0,1
95104,0.258,-0.107,4.156,-0.06,3.66,-1.10,89855,262143,35.2,100.0,1
95224,0.216,-0.083,4.124,0.55,0.18,-0.67,89998,262143,35.2,100.0,1
95343,0.193,-0.084,4.033,1.28,-0.18,-0.55,90205,262143,35.2,100.0,1
95463,0.274,-0.084,4.080,0.73,-0.31,-0.73,89610,262143,35.2,100.0,1
95583,0.210,-0.072,4.041,0.49,0.98,-0.18,89589,262143,35.2,100.0,1
95703,0.228,-0.093,4.090,0.06,-0.43,-0.37,89758,262143,35.2,100.0,1
95823,0.224,-0.079,4.097,0.43,-0.43,-0.12,89931,262143,35.2,100.0,1
95942,0.182,-0.058,4.040,1.71,-0.31,-0.49,90145,262143,35.2,100.0,1
96062,0.232,-0.086,4.073,1.10,1.22,-0.73,89551,262143,35.2,100.0,1
96182,0.211,-0.067,4.073,1.16,1.65,-0.73,89564,262143,35.2,100.0,1
96302,0.265,-0.091,4.339,-0.12,-4.70,-1.28,89729,262143,35.2,100.0,1
96422,0.240,-0.051,3.947,-2.87,-8.97,0.12,89990,262143,35.2,100.0,1
96541,0.327,-0.065,3.927,-0.18,-2.50,1.22,90224,262143,35.2,100.0,1
96661,0.290,-0.035,3.992,5.00,2.08,0.73,89821,262143,35.2,100.0,1
96781,0.316,-0.063,4.152,0.31,-0.85,0.18,89613,262143,35.2,100.0,1
96901,0.295,-0.036,3.991,0.61,1.16,0.79,89795,262143,35.2,100.0,1
97021,0.292,-0.040,4.027,-0.61,0.31,1.10,89917,262143,35.2,100.0,1
97140,0.319,-0.033,4.004,0.98,1.83,0.12,90072,262143,35.2,100.0,1
97260,0.222,-0.043,3.980,-0.79,4.64,-0.31,90159,262143,35.2,100.0,1
97380,0.347,-0.099,4.121,-1.34,2.75,-0.85,89555,262143,35.2,100.0,1
97500,0.243,-0.068,4.034,0.67,1.83,0.31,89639,262143,87.9,100.0,1
97620,0.267,-0.067,4.101,0.12,2.69,-0.18,89797,262143,87.9,100.0,1
97739,0.189,-0.092,4.096,0.12,1.46,-0.67,89976,262143,87.9,100.0,1
97859,0.168,-0.076,4.070,1.22,-0.55,-1.59,90178,262143,87.9,100.0,1
97979,0.227,-0.094,4.087,0.31,0.18,-0.06,89583,262143,87.9,100.0,1
98099,0.208,-0.077,4.061,0.24,-0.43,0.31,89596,262143,87.9,100.0,1
98219,0.217,-0.074,4.086,0.18,-0.12,-0.55,89788,262143,83.8,100.0,1
98338,0.206,-0.099,4.062,-0.37,-0.12,-0.18,89961,262143,83.8,100.0,1
98458,0.240,-0.053,4.110,0.85,1.10,0.06,90156,262143,83.8,100.0,1
98578,0.246,-0.082,4.087,0.18,1.28,-0.37,89997,262143,83.8,100.0,1
98698,0.178,-0.069,4.072,-0.49,1.04,-0.79,89576,262143,112.2,100.0,1
98818,0.194,-0.099,4.061,-0.24,1.65,-1.34,89793,262143,112.2,100.0,1
98937,-0.104,-0.154,4.471,-8.36,-11.78,-2.93,89883,262143,112.2,100.0,1
99057,0.578,-0.190,3.929,-2.93,-7.69,0.61,90015,262143,112.2,100.0,1
99177,0.179,-0.043,4.161,1.34,-0.12,1.77,90172,262143,112.2,100.0,1
99297,0.363,-0.088,4.124,0.85,0.79,0.43,89966,262143,112.2,100.0,1
99417,0.237,-0.118,4.007,1.16,2.75,0.55,89674,262143,90.6,100.0,1
99536,0.311,-0.096,4.036,-0.49,0.98,0.98,89890,262143,90.6,100.0,1
99656,0.287,-0.062,3.990,-0.37,0.98,0.37,89964,262143,90.6,100.0,1
99776,0.314,-0.111,4.107,-0.55,3.54,-0.61,90153,262143,90.6,100.0,1
99896,0.193,-0.105,4.022,-0.61,1.04,-0.55,90315,262143,90.6,100.0,1
100016,0.280,-0.123,4.040,1.34,1.59,0.24,89690,262143,99.1,100.0,1
100136,0.193,-0.069,4.094,1.77,0.73,0.18,89638,262143,99.1,100.0,1
100255,0.255,-0.076,4.087,0.37,0.61,-0.24,89828,262143,99.1,100.0,1
100375,0.221,-0.064,4.062,-0.55,0.06,-0.85,89972,262143,99.1,100.0,1
100495,0.216,-0.113,4.058,-1.40,1.04,0.43,90146,262143,99.1,100.0,1
100615,0.260,-0.082,4.072,0.43,1.10,-0.24,89796,262143,99.1,100.0,1
100735,0.212,-0.088,4.057,-0.12,0.18,-0.24,89538,262143,99.1,100.0,1
100854,0.238,-0.086,4.075,0.18,-0.06,-0.18,89740,262143,99.1,100.0,1
100974,0.228,-0.072,4.065,-0.31,0.24,-0.12,89838,262143,99.1,100.0,1
101094,0.225,-0.083,4.084,0.06,0.31,0.18,89997,262143,99.1,100.0,1
101214,0.208,-0.049,4.021,1.46,-0.12,-0.61,90173,262143,99.1,100.0,1
101334,0.232,-0.076,4.074,0.92,0.49,-0.18,89525,262143,99.1,100.0,1
101453,0.221,-0.068,4.035,0.61,0.92,0.24,89530,262143,99.1,100.0,1
101573,0.235,-0.079,4.068,0.43,0.37,-0.18,89715,262143,44.5,100.0,1
101693,0.212,-0.072,4.068,0.06,0.24,-0.18,89854,262143,44.5,100.0,1
101813,0.216,-0.074,4.077,-0.24,0.00,-0.24,90024,262143,44.5,100.0,1
101933,0.192,-0.058,4.098,1.53,1.22,-0.67,90238,262143,44.5,100.0,1
102052,0.202,-0.063,4.064,0.79,0.85,-0.43,89561,262143,44.5,100.0,1
102172,0.206,-0.087,4.081,0.49,0.12,-0.31,89666,262143,94.5,100.0,1
102292,0.275,-0.052,4.059,1.95,-1.28,-0.92,89849,262143,94.5,100.0,1
102412,0.180,-0.034,4.039,0.67,-0.49,0.06,89997,262143,94.5,100.0,1
102532,0.218,-0.026,4.022,1.77,0.67,-0.12,90183,262143,94.5,100.0,1
102651,0.272,-0.029,4.094,0.79,1.04,-0.12,90180,262143,94.5,100.0,1
102771,0.193,-0.014,4.068,-0.55,-0.06,0.43,89684,262143,99.4,100.0,1
102891,0.220,-0.040,4.096,-1.77,-0.67,0.12,89885,262143,99.4,100.0,1
103011,0.227,-0.055,4.062,-0.92,-0.24,0.18,89947,262143,99.4,100.0,1
103131,0.220,-0.056,4.069,-0.61,-0.43,0.49,90124,262143,99.4,100.0,1
103250,0.215,-0.095,4.069,-2.14,-0.12,0.00,90265,262143,99.4,100.0,1
103370,0.279,-0.078,4.068,-0.12,0.55,0.43,89885,262143,99.4,100.0,1
103490,0.209,-0.074,4.056,-1.71,0.55,-0.06,89616,262143,99.4,100.0,1
103610,0.233,-0.114,4.083,-1.77,2.26,0.49,89826,262143,99.4,100.0,1
103730,0.214,-0.081,4.048,-3.72,1.65,1.65,89891,262143,99.4,100.0,1
103849,0.209,-0.165,4.100,0.43,-0.06,0.06,89993,262143,99.4,100.0,1
103969,0.195,-0.173,4.011,0.06,2.87,0.12,90153,262143,99.4,100.0,1
104089,0.228,-0.049,4.095,1.89,1.77,-0.85,89654,262143,99.4,100.0,1
104209,0.152,-0.120,4.098,0.06,0.67,0.61,89518,262143,99.4,100.0,1
104329,0.194,-0.116,4.099,0.24,1.04,-0.79,89738,262143,43.7,100.0,1
104448,0.174,-0.083,4.075,0.31,0.00,0.12,89861,262143,43.7,100.0,1
104548,0.174,-0.095,4.089,0.49,0.49,0.06,90063,262143,43.7,100.0,1
104648,0.160,-0.121,4.062,-1.40,1.53,-0.43,90212,262143,43.7,100.0,1
104748,0.197,-0.075,4.074,2.38,1.77,-0.31,89895,262143,43.7,100.0,1
104848,0.147,-0.070,4.082,1.10,0.06,-0.43,89589,262143,43.7,100.0,1
104948,0.150,-0.088,4.073,0.37,-0.73,-0.06,89759,262143,94.4,100.0,1
105048,0.180,-0.059,4.076,0.73,-0.12,-0.18,89863,262143,94.4,100.0,1
105148,0.158,-0.054,4.064,0.98,-0.06,-0.12,90006,262143,94.4,100.0,1
105248,0.172,-0.048,4.080,1.40,0.61,-0.12,90144,262143,94.4,100.0,1
105348,0.147,-0.060,4.063,-0.49,0.79,0.00,90351,262143,94.4,100.0,1
105448,0.203,-0.044,4.089,1.10,1.95,0.31,90074,262143,94.4,100.0,1
105548,0.140,-0.035,4.065,0.18,0.37,-0.06,89667,262143,99.4,100.0,1
105648,0.160,-0.057,4.082,-0.98,-0.55,0.12,89784,262143,99.4,100.0,1
105748,0.172,-0.054,4.046,-0.37,-0.37,0.00,89895,262143,99.4,100.0,1
105848,0.169,-0.044,4.066,-0.55,-0.98,-0.12,89981,262143,99.4,100.0,1
105948,0.173,-0.039,4.059,0.49,-0.92,0.18,90146,262143,99.4,100.0,1
106048,0.182,-0.070,4.115,-0.49,-0.61,-0.24,90252,262143,99.4,100.0,1
106148,0.218,-0.060,4.084,-0.06,-0.06,0.00,90023,262143,99.4,100.0,1
106248,0.176,-0.056,4.064,0.24,-0.49,-0.12,89588,262143,84.9,100.0,1
106348,0.200,-0.078,4.065,-0.24,-0.55,0.00,89624,262143,84.9,100.0,1
106448,0.218,-0.058,4.081,0.00,-0.18,-0.24,89763,262143,84.9,100.0,1
106548,0.209,-0.056,4.071,-0.24,-0.37,-0.12,89852,262143,84.9,100.0,1
106648,0.214,-0.069,4.064,-0.06,-0.49,0.18,89977,262143,84.9,100.0,1
106748,0.226,-0.037,4.087,0.85,0.67,0.00,90147,262143,84.9,100.0,1
106848,0.203,-0.065,4.091,0.98,-0.43,-0.24,90261,262143,84.9,100.0,1
106948,0.200,-0.043,4.067,0.67,0.61,-0.24,89479,262143,84.9,100.0,1
107048,0.210,-0.053,4.089,0.06,0.73,0.06,89447,262143,84.9,100.0,1
107148,0.215,-0.055,4.097,0.06,0.85,-0.24,89645,262143,69.9,100.0,1
107248,0.206,-0.060,4.104,-0.49,0.98,-0.43,89679,262143,69.9,100.0,1
107348,0.196,-0.077,4.053,0.12,0.79,-0.24,89863,262143,69.9,100.0,1
107448,0.204,-0.053,4.084,0.06,0.49,0.06,90000,262143,69.9,100.0,1
107548,0.182,-0.046,4.090,2.62,1.16,-0.43,90195,262143,69.9,100.0,1
107648,0.199,-0.039,4.080,1.46,0.79,-0.18,89626,262143,69.9,100.0,1
107748,0.189,-0.039,4.082,0.12,1.10,-0.12,89410,262143,69.9,100.0,1
107848,0.196,-0.029,4.085,0.43,0.31,0.00,89568,262143,78.0,100.0,1
107948,0.169,-0.027,4.080,1.10,1.89,-0.18,89648,262143,78.0,100.0,1
108048,0.158,-0.021,4.079,1.65,0.92,-0.55,89751,262143,78.0,100.0,1
108148,0.169,0.002,4.082,0.43,0.98,0.00,89921,262143,78.0,100.0,1
108248,0.116,-0.009,4.069,-1.04,0.37,0.00,90043,262143,78.0,100.0,1
108348,0.175,0.001,4.065,-0.18,-0.85,0.06,89510,262143,78.0,100.0,1
108448,0.161,-0.010,4.063,-0.92,-0.85,-0.12,89293,262143,78.0,100.0,1
108548,0.166,-0.016,4.091,-1.65,-1.83,0.24,89447,262143,87.2,100.0,1
108648,0.203,-0.040,4.060,-0.37,-0.43,-0.06,89505,262143,87.2,100.0,1
108748,0.178,-0.040,4.075,-0.43,-0.85,-0.18,89628,262143,87.2,100.0,1
108848,0.206,-0.050,4.078,-0.37,-0.61,-0.18,89755,262143,87.2,100.0,1
108948,0.177,-0.024,4.020,-0.43,-0.92,0.12,89946,262143,87.2,100.0,1
109048,0.227,-0.046,4.070,0.73,0.24,0.06,89531,262143,87.2,100.0,1
109148,0.190,-0.043,4.063,-0.43,0.18,-0.12,89139,262143,87.2,100.0,1
109248,0.197,-0.059,4.081,-0.67,-0.12,0.06,89236,262143,87.2,100.0,1
109348,0.207,-0.055,4.078,0.24,0.43,0.18,89383,262143,87.2,100.0,1
109448,0.203,-0.040,4.076,0.37,0.55,-0.06,89480,262143,87.2,100.0,1
109548,0.214,-0.054,4.086,0.18,0.37,-0.06,89677,262143,87.2,100.0,1
109648,0.199,-0.073,4.069,-1.59,1.34,0.18,89799,262143,87.2,100.0,1
109748,0.227,-0.042,4.066,1.16,1.71,-0.31,89465,262143,87.2,100.0,1
109848,0.176,-0.029,4.075,0.06,0.79,-0.06,89107,262143,87.2,100.0,1
109948,0.189,-0.060,4.079,-0.24,0.31,-0.06,89215,262143,87.2,100.0,1
110048,0.195,-0.036,4.066,0.61,0.92,0.18,89327,262143,45.2,100.0,1
110148,0.181,-0.039,4.070,0.55,0.61,0.12,89450,262143,45.2,100.0,1
110248,0.192,-0.025,4.057,1.16,0.43,0.06,89594,262143,45.2,100.0,1
110348,0.167,-0.063,4.061,-1.16,1.04,0.06,89791,262143,45.2,100.0,1
110448,0.209,-0.025,4.094,0.61,1.46,0.18,89832,262143,45.2,100.0,1
110548,0.156,-0.018,4.074,0.85,0.61,-0.18,89144,262143,45.2,100.0,1
110648,0.170,-0.030,4.041,0.12,0.49,0.31,89174,262143,88.9,100.0,1
110748,0.184,-0.019,4.058,-0.24,-0.43,0.00,89386,262143,88.9,100.0,1
110848,0.162,-0.025,4.077,-0.61,-0.37,0.06,89437,262143,88.9,100.0,1
110948,0.188,-0.028,4.065,-0.12,-0.98,-0.18,89629,262143,88.9,100.0,1
111048,0.201,-0.018,4.053,1.22,-0.31,0.00,89755,262143,88.9,100.0,1
111148,0.216,-0.039,4.095,-0.67,-0.24,0.18,89793,262143,88.9,100.0,1
111248,0.191,-0.039,4.070,-0.12,-0.31,-0.24,89213,262143,88.9,100.0,1
111348,0.207,-0.040,4.038,0.06,0.24,0.00,89162,262143,93.3,100.0,1
111448,0.211,-0.034,4.082,-0.12,-0.24,-0.18,89344,262143,93.3,100.0,1
111548,0.206,-0.048,4.073,-0.31,0.18,-0.06,89450,262143,93.3,100.0,1
111648,0.201,-0.055,4.060,0.06,0.06,0.06,89589,262143,93.3,100.0,1
111748,0.212,-0.041,4.051,0.43,-0.24,-0.24,89786,262143,93.3,100.0,1
111848,0.181,-0.033,4.058,1.46,0.06,-0.43,89938,262143,93.3,100.0,1
111948,0.201,-0.040,4.079,0.98,0.85,-0.24,89328,262143,93.3,100.0,1
112048,0.196,-0.058,4.059,-0.43,0.92,0.12,89222,262143,84.3,100.0,1
112148,0.207,-0.040,4.090,0.06,0.67,-0.18,89418,262143,84.3,100.0,1
112248,0.200,-0.050,4.069,0.24,1.46,0.12,89492,262143,84.3,100.0,1
112348,0.176,-0.046,4.075,0.00,0.73,0.18,89672,262143,84.3,100.0,1
112448,0.204,-0.040,4.089,0.37,0.73,0.06,89814,262143,84.3,100.0,1
112548,0.157,-0.039,4.036,-1.10,1.16,0.18,90009,262143,84.3,100.0,1
112648,0.192,-0.031,4.066,1.22,1.89,0.12,89891,262143,92.8,100.0,1
112748,0.148,-0.019,4.064,0.00,0.55,0.00,89370,262143,92.8,100.0,1
112848,0.160,-0.052,4.079,0.06,0.12,-0.06,89444,262143,92.8,100.0,1
112948,0.169,-0.036,4.068,0.18,0.85,0.06,89614,262143,92.8,100.0,1
113048,0.150,-0.022,4.070,0.06,0.55,-0.18,89698,262143,92.8,100.0,1
113148,0.155,-0.018,4.062,0.55,0.12,-0.24,89911,262143,92.8,100.0,1
113248,0.165,-0.009,4.068,1.40,0.37,-0.12,90029,262143,92.8,100.0,1
113348,0.179,-0.031,4.101,-0.18,0.31,0.00,90121,262143,92.8,100.0,1
113448,0.150,-0.030,4.082,0.00,-1.04,-0.18,89526,262143,92.8,100.0,1
113548,0.175,-0.038,4.067,-0.43,-0.79,0.12,89450,262143,92.8,100.0,1
113648,0.193,-0.022,4.092,-0.24,-1.16,0.00,89608,262143,92.8,100.0,1
113748,0.171,-0.043,4.064,-0.55,-0.37,-0.06,89703,262143,92.8,100.0,1
113848,0.188,-0.053,4.067,0.00,-0.55,0.00,89814,262143,92.8,100.0,1
113948,0.201,-0.052,4.069,-0.12,-0.73,-0.18,89995,262143,92.8,100.0,1
114048,0.159,-0.033,4.032,-0.37,-0.37,-0.06,90124,262143,92.8,100.0,1
114148,0.215,-0.052,4.071,1.04,0.43,-0.06,89646,262143,44.8,100.0,1
114248,0.191,-0.038,4.061,-0.49,0.24,-0.12,89386,262143,44.8,100.0,1
114348,0.201,-0.053,4.086,-0.24,-0.18,-0.24,89521,262143,44.8,100.0,1
114448,0.201,-0.047,4.065,0.31,0.24,0.18,89606,262143,44.8,100.0,1
114548,0.196,-0.045,4.061,0.31,0.31,-0.24,89735,262143,44.8,100.0,1
114648,0.202,-0.029,4.064,0.67,0.24,-0.18,89865,262143,44.8,100.0,1
114748,0.195,-0.075,4.058,0.12,1.53,-0.06,90056,262143,44.8,100.0,1
114848,0.216,-0.042,4.097,-0.12,1.65,-0.24,90140,262143,44.8,100.0,1
114948,0.167,-0.033,4.069,0.31,1.10,-0.18,89396,262143,44.8,100.0,1
115048,0.179,-0.039,4.035,0.43,1.04,0.06,89390,262143,68.8,100.0,1
115148,0.182,-0.037,4.069,-0.37,0.73,0.06,89595,262143,68.8,100.0,1
115248,0.159,-0.038,4.072,-0.24,0.73,-0.06,89638,262143,68.8,100.0,1
115348,0.159,-0.043,4.078,-0.18,0.31,0.12,89826,262143,68.8,100.0,1
115448,0.169,-0.027,4.092,0.73,0.85,-0.24,89953,262143,68.8,100.0,1
115548,0.127,-0.026,4.037,2.50,1.16,-0.37,90155,262143,68.8,100.0,1
115648,0.141,-0.029,4.087,0.61,0.49,-0.18,89654,262143,68.8,100.0,1
115748,0.140,-0.038,4.062,-1.04,0.37,0.12,89417,262143,81.9,100.0,1
115848,0.171,-0.030,4.083,-0.49,-1.16,0.06,89552,262143,81.9,100.0,1
115948,0.165,-0.036,4.068,-0.43,-1.28,0.06,89644,262143,81.9,100.0,1
116069,0.165,-0.043,4.076,0.00,-2.32,-0.12,89750,262143,81.9,100.0,1
116189,0.205,-0.034,4.032,1.71,-0.49,-0.31,89917,262143,81.9,100.0,1
116308,0.181,0.052,4.068,2.87,-0.12,0.55,89981,262143,81.9,100.0,1
116428,0.244,-0.038,4.143,6.10,2.87,-4.27,89347,262143,81.9,100.0,1
116548,-0.575,0.230,3.908,2.32,1.59,-9.40,89363,262143,78.9,100.0,1
116668,-0.807,-0.103,5.350,8.85,-7.57,22.22,89196,262143,78.9,100.0,1
116788,-0.504,0.755,4.447,37.78,-79.28,32.78,89008,262143,78.9,100.0,1
116907,2.977,-0.873,3.238,122.01,-44.43,-4.52,88881,262143,78.9,100.0,1
117027,1.821,0.219,1.706,44.31,65.55,-7.26,89093,262143,78.9,100.0,1
117147,1.485,1.675,5.253,41.81,58.04,-23.13,88553,262143,78.9,100.0,1
117267,-0.857,3.322,3.869,115.84,-8.79,-53.34,88403,262143,78.9,100.0,1
117387,-0.030,1.111,1.104,95.40,-40.47,-76.23,88251,262143,78.9,100.0,1
117506,-1.627,3.407,0.407,135.62,75.74,8.54,88515,262143,78.9,100.0,1
117626,-0.152,3.655,1.171,-47.55,-54.75,124.57,88983,262143,78.9,100.0,1
117746,1.519,3.462,1.869,-62.99,-42.66,53.59,89367,262143,78.9,100.0,1
117866,2.726,3.329,1.635,99.43,-85.57,42.05,89120,262143,78.9,100.0,1
117986,3.301,2.098,0.911,60.85,-33.63,15.26,89325,262143,78.9,100.0,1
118105,2.285,3.605,0.077,61.34,-0.31,16.72,89549,262143,41.6,100.0,1
118225,2.120,3.653,-0.027,38.45,-7.20,9.09,89739,262143,41.6,100.0,1
118345,2.464,2.880,-0.170,11.54,-3.23,-0.06,89982,262143,41.6,100.0,1
118465,2.675,3.454,-0.700,4.39,5.80,3.54,89989,262143,41.6,100.0,1
118585,2.657,3.124,-0.508,-16.60,6.77,10.31,89686,262143,41.6,100.0,1
118704,2.659,3.000,-0.362,-12.45,6.35,0.55,90001,262143,41.6,100.0,1
118824,2.735,2.982,0.031,-11.96,3.66,-5.74,90178,262143,41.6,100.0,1
118944,2.570,3.143,0.085,-7.02,3.72,-0.49,90435,262143,41.6,100.0,1
119064,2.662,3.105,0.181,-12.82,6.04,-1.46,90690,262143,41.6,100.0,1
119184,2.702,2.958,0.278,-1.83,-0.85,-3.42,90051,262143,41.6,100.0,1
119303,2.599,3.115,0.289,9.70,-2.44,-1.65,90082,262143,41.6,100.0,1
119423,2.479,3.121,0.139,2.93,-0.79,0.18,90374,262143,41.6,100.0,1
119543,2.572,3.164,0.064,-1.22,1.22,0.06,90518,262143,41.6,100.0,1
119663,2.597,3.102,0.148,-2.44,1.53,-0.67,90760,262143,41.6,100.0,1
119783,2.613,3.108,0.180,0.61,-0.98,-0.67,90173,262143,41.6,100.0,1
119902,2.550,3.133,0.166,-0.18,-0.06,-1.16,90135,262143,41.6,100.0,1
120022,2.546,3.147,0.159,-0.06,0.31,-0.12,90436,262143,41.6,100.0,1
120142,2.575,3.125,0.148,1.10,0.06,-0.92,90566,262143,41.6,100.0,1
120262,2.559,3.137,0.145,-0.06,0.24,-0.43,90782,262143,41.6,100.0,1
120382,2.544,3.131,0.123,0.67,0.31,-0.92,90162,262143,41.6,100.0,1
120501,2.546,3.142,0.131,-0.31,0.18,0.12,90002,262143,41.6,100.0,1
120621,2.565,3.134,0.152,-1.10,0.18,0.49,90277,262143,41.6,100.0,1
120741,2.564,3.147,0.143,0.49,0.06,-0.18,90363,262143,41.6,100.0,1
120861,2.537,3.144,0.140,-0.37,0.61,-0.06,90568,262143,41.6,100.0,1
120981,2.555,3.123,0.135,0.00,0.12,0.00,89963,262143,41.6,100.0,1
121100,2.552,3.133,0.145,-0.43,0.12,0.12,89761,262143,41.6,100.0,1
121220,2.558,3.143,0.163,-1.28,0.43,0.49,90021,262143,41.6,100.0,1
121340,2.555,3.135,0.149,0.37,0.18,-0.67,90130,262143,41.6,100.0,1
121460,2.527,3.119,0.141,0.24,0.49,-0.31,90347,262143,41.6,100.0,1
121580,2.569,3.143,0.165,-0.06,0.43,0.12,89874,262143,41.6,100.0,1
121700,2.546,3.119,0.157,-0.12,0.12,-0.18,89625,262143,41.6,100.0,1
121819,2.569,3.136,0.161,-0.67,0.31,0.43,89871,262143,41.6,100.0,1
121939,2.544,3.124,0.149,0.49,0.06,-0.37,89984,262143,41.6,100.0,1
122059,2.550,3.148,0.156,0.43,0.24,0.12,90212,262143,41.6,100.0,1
122179,2.578,3.149,0.179,0.79,0.92,-0.85,90029,262143,41.6,100.0,1
122299,2.528,3.135,0.151,0.73,-0.12,-0.61,89595,262143,41.6,100.0,1
122418,2.540,3.135,0.146,1.34,-0.43,-1.22,89805,262143,41.6,100.0,1
122538,2.531,3.147,0.143,0.85,-0.31,-0.67,89950,262143,41.6,100.0,1
122658,2.532,3.149,0.124,0.37,-0.18,-0.24,90131,262143,41.6,100.0,1
122778,2.545,3.158,0.126,0.43,0.37,0.06,90321,262143,41.6,100.0,1
122898,2.498,3.142,0.109,0.73,-0.06,-0.55,89653,262143,41.6,100.0,1
123017,2.527,3.159,0.118,-0.24,0.12,0.06,89724,262143,41.6,100.0,1
123137,2.532,3.145,0.127,0.00,-0.06,0.00,89941,262143,41.6,100.0,1
123257,2.534,3.166,0.141,-0.12,0.12,0.06,90113,262143,41.6,100.0,1
123377,2.516,3.151,0.123,-0.49,0.73,-0.43,90339,262143,41.6,100.0,1
123497,2.537,3.149,0.148,-0.31,0.18,0.18,89863,262143,41.6,100.0,1
123616,2.534,3.140,0.146,-0.79,0.43,0.18,89719,262143,108.0,100.0,1
123736,2.544,3.154,0.163,-1.28,0.79,0.37,89977,262143,108.0,100.0,1
123856,2.537,3.144,0.149,-0.12,0.31,0.18,90105,262143,108.0,100.0,1
123976,2.535,3.143,0.162,-0.18,0.18,0.06,90332,262143,108.0,100.0,1
124096,2.529,3.147,0.145,-0.24,0.49,-0.06,90531,262143,108.0,100.0,1
124215,2.535,3.128,0.142,0.55,0.43,-0.67,89899,262143,107.2,100.0,1
124335,2.532,3.149,0.162,-0.37,0.43,0.00,89954,262143,107.2,100.0,1
124455,2.545,3.136,0.154,0.12,0.43,-0.24,90159,262143,107.2,100.0,1
124575,2.532,3.144,0.162,0.18,0.37,-0.18,90335,262143,107.2,100.0,1
124695,2.544,3.139,0.147,0.24,0.31,-0.12,90546,262143,107.2,100.0,1
124814,2.569,3.159,0.187,-0.31,0.12,0.31,90469,262143,107.2,100.0,1
124934,2.516,3.148,0.155,0.37,0.06,-0.24,89995,262143,107.2,100.0,1
125054,2.535,3.140,0.150,-0.12,0.00,-0.31,90146,262143,107.2,100.0,1
125174,2.548,3.194,0.135,1.71,0.24,-1.71,90249,262143,107.2,100.0,1
125294,2.550,3.116,0.138,6.84,-2.26,-1.83,90498,262143,107.2,100.0,1
125413,2.539,3.109,0.018,9.03,-2.08,-2.56,90766,262143,107.2,100.0,1
125533,2.519,3.190,0.032,8.42,-2.69,-3.17,90493,262143,107.2,100.0,1
125653,2.478,3.197,-0.129,6.29,-6.71,-3.91,90205,262143,107.2,100.0,1
125773,2.455,3.229,-0.153,1.89,-2.56,-6.90,90420,262143,107.2,100.0,1
125893,2.385,3.340,-0.172,-4.82,1.53,-9.22,90512,262143,107.2,100.0,1
126012,2.335,3.305,-0.107,-2.50,-4.03,-7.20,90730,262143,107.2,100.0,1
126112,2.289,3.436,-0.153,-6.90,-5.07,-16.72,90987,262143,107.2,100.0,1
126212,2.167,3.164,-0.136,-10.68,3.30,-14.22,90510,262143,107.2,100.0,1
